features,fractal,model1,model2,dm_stat,p_value,n_obs,significant
DIX,hurst,ARIMA,GARCH,-21.061982598667147,0.0,599,True
DIX,hurst,ARIMA,ANN,-51.939503051289066,0.0,597,True
DIX,hurst,ARIMA,RNN,-52.00739282532015,0.0,597,True
DIX,hurst,ARIMA,LSTM,-51.916813654454316,0.0,597,True
DIX,hurst,ARIMA,GRU,-51.831808703781576,0.0,597,True
DIX,hurst,ARIMA,CNN,-51.85990801416706,0.0,597,True
DIX,hurst,ARIMA,CNN_LSTM,-51.72688569817107,0.0,597,True
DIX,hurst,GARCH,ANN,-82.3778037262453,0.0,597,True
DIX,hurst,GARCH,RNN,-82.45165722111476,0.0,597,True
DIX,hurst,GARCH,LSTM,-82.3367782674649,0.0,597,True
DIX,hurst,GARCH,GRU,-82.24202049475437,0.0,597,True
DIX,hurst,GARCH,CNN,-82.30477807629178,0.0,597,True
DIX,hurst,GARCH,CNN_LSTM,-82.15466561537427,0.0,597,True
DIX,hurst,ANN,RNN,-3.3780562091933826,0.0007299184799194336,597,True
DIX,hurst,ANN,LSTM,0.8727919766879302,0.38277649879455566,597,False
DIX,hurst,ANN,GRU,-8.912624190417441,0.0,597,True
DIX,hurst,ANN,CNN,-10.16010264520303,0.0,597,True
DIX,hurst,ANN,CNN_LSTM,-21.51569722591516,0.0,597,True
DIX,hurst,RNN,LSTM,3.21899182163221,0.0012865066528320312,597,True
DIX,hurst,RNN,GRU,-3.554051996339269,0.0003795623779296875,597,True
DIX,hurst,RNN,CNN,-2.7095828302155787,0.00673675537109375,597,True
DIX,hurst,RNN,CNN_LSTM,-14.759474042351737,0.0,597,True
DIX,hurst,LSTM,GRU,-14.737003014888845,0.0,597,True
DIX,hurst,LSTM,CNN,-13.08015549872845,0.0,597,True
DIX,hurst,LSTM,CNN_LSTM,-23.268819059710854,0.0,597,True
DIX,hurst,GRU,CNN,3.9147041459494814,9.036064147949219e-05,597,True
DIX,hurst,GRU,CNN_LSTM,-22.015536701056316,0.0,597,True
DIX,hurst,CNN,CNN_LSTM,-27.554576076610797,0.0,597,True
DIX,none,ARIMA,GARCH,-18.603575912674465,0.0,619,True
DIX,none,ARIMA,ANN,-44.0163241841992,0.0,617,True
DIX,none,ARIMA,RNN,-44.173383054245306,0.0,617,True
DIX,none,ARIMA,LSTM,-44.31516890284479,0.0,617,True
DIX,none,ARIMA,GRU,-44.26438256130292,0.0,617,True
DIX,none,ARIMA,CNN,-44.12315711070915,0.0,617,True
DIX,none,ARIMA,CNN_LSTM,-44.22037403770755,0.0,617,True
DIX,none,GARCH,ANN,-73.77433025933075,0.0,617,True
DIX,none,GARCH,RNN,-74.11291645333249,0.0,617,True
DIX,none,GARCH,LSTM,-74.26293954096634,0.0,617,True
DIX,none,GARCH,GRU,-74.18106792182593,0.0,617,True
DIX,none,GARCH,CNN,-74.10212923748847,0.0,617,True
DIX,none,GARCH,CNN_LSTM,-74.11863169656895,0.0,617,True
DIX,none,ANN,RNN,16.705970696074434,0.0,617,True
DIX,none,ANN,LSTM,18.625259405552107,0.0,617,True
DIX,none,ANN,GRU,18.651352824916646,0.0,617,True
DIX,none,ANN,CNN,11.2894801945299,0.0,617,True
DIX,none,ANN,CNN_LSTM,18.619032093937708,0.0,617,True
DIX,none,RNN,LSTM,14.93455537752232,0.0,617,True
DIX,none,RNN,GRU,15.940896719265067,0.0,617,True
DIX,none,RNN,CNN,-19.082145733032398,0.0,617,True
DIX,none,RNN,CNN_LSTM,15.471456327785045,0.0,617,True
DIX,none,LSTM,GRU,-5.894777773374725,0.0,617,True
DIX,none,LSTM,CNN,-18.4563231009256,0.0,617,True
DIX,none,LSTM,CNN_LSTM,-11.610560926242123,0.0,617,True
DIX,none,GRU,CNN,-19.18769638786349,0.0,617,True
DIX,none,GRU,CNN_LSTM,-11.89741685938778,0.0,617,True
DIX,none,CNN,CNN_LSTM,19.963497659103727,0.0,617,True
DIX,wavelet,ARIMA,GARCH,-20.58745105862044,0.0,589,True
DIX,wavelet,ARIMA,ANN,-52.798138850438804,0.0,587,True
DIX,wavelet,ARIMA,RNN,-52.852761943032895,0.0,587,True
DIX,wavelet,ARIMA,LSTM,-52.7078066885066,0.0,587,True
DIX,wavelet,ARIMA,GRU,-52.81916240527737,0.0,587,True
DIX,wavelet,ARIMA,CNN,-52.904786345979545,0.0,587,True
DIX,wavelet,ARIMA,CNN_LSTM,-52.78231295515515,0.0,587,True
DIX,wavelet,GARCH,ANN,-83.87423589395279,0.0,587,True
DIX,wavelet,GARCH,RNN,-84.10061047091075,0.0,587,True
DIX,wavelet,GARCH,LSTM,-83.7583009044898,0.0,587,True
DIX,wavelet,GARCH,GRU,-84.05641518721615,0.0,587,True
DIX,wavelet,GARCH,CNN,-84.21967885092259,0.0,587,True
DIX,wavelet,GARCH,CNN_LSTM,-83.865994698713,0.0,587,True
DIX,wavelet,ANN,RNN,-4.748543130300244,2.0265579223632812e-06,587,True
DIX,wavelet,ANN,LSTM,-16.02718613165465,0.0,587,True
DIX,wavelet,ANN,GRU,-10.222584973676177,0.0,587,True
DIX,wavelet,ANN,CNN,-4.601140951696146,4.291534423828125e-06,587,True
DIX,wavelet,ANN,CNN_LSTM,-3.682693096087569,0.0002307891845703125,587,True
DIX,wavelet,RNN,LSTM,-11.379755195273532,0.0,587,True
DIX,wavelet,RNN,GRU,-8.985377197642192,0.0,587,True
DIX,wavelet,RNN,CNN,-2.8492828441564195,0.004381775856018066,587,True
DIX,wavelet,RNN,CNN_LSTM,-0.2240984528102094,0.8226807117462158,587,False
DIX,wavelet,LSTM,GRU,7.2120748681750575,0.0,587,True
DIX,wavelet,LSTM,CNN,2.6580095371294687,0.007860183715820312,587,True
DIX,wavelet,LSTM,CNN_LSTM,8.001959099336132,0.0,587,True
DIX,wavelet,GRU,CNN,0.7014471356477896,0.483024001121521,587,False
DIX,wavelet,GRU,CNN_LSTM,5.229023650354886,2.384185791015625e-07,587,True
DIX,wavelet,CNN,CNN_LSTM,4.695180371625054,2.6226043701171875e-06,587,True
DIX+GEX,hurst,ARIMA,GARCH,-21.061982598667147,0.0,599,True
DIX+GEX,hurst,ARIMA,ANN,-52.24596116418489,0.0,597,True
DIX+GEX,hurst,ARIMA,RNN,-51.94191043421404,0.0,597,True
DIX+GEX,hurst,ARIMA,LSTM,-51.92945044761901,0.0,597,True
DIX+GEX,hurst,ARIMA,GRU,-51.96866059432424,0.0,597,True
DIX+GEX,hurst,ARIMA,CNN,-52.08140609331227,0.0,597,True
DIX+GEX,hurst,ARIMA,CNN_LSTM,-52.131340115566736,0.0,597,True
DIX+GEX,hurst,GARCH,ANN,-83.38723831000448,0.0,597,True
DIX+GEX,hurst,GARCH,RNN,-82.4361371111951,0.0,597,True
DIX+GEX,hurst,GARCH,LSTM,-82.35941678535808,0.0,597,True
DIX+GEX,hurst,GARCH,GRU,-82.46144019693364,0.0,597,True
DIX+GEX,hurst,GARCH,CNN,-82.96488015389811,0.0,597,True
DIX+GEX,hurst,GARCH,CNN_LSTM,-83.11481372619942,0.0,597,True
DIX+GEX,hurst,ANN,RNN,-1.5560916880617013,0.11968624591827393,597,False
DIX+GEX,hurst,ANN,LSTM,0.18407864696003268,0.8539516925811768,597,False
DIX+GEX,hurst,ANN,GRU,1.437816656107401,0.15048599243164062,597,False
DIX+GEX,hurst,ANN,CNN,-5.900157964137783,0.0,597,True
DIX+GEX,hurst,ANN,CNN_LSTM,-4.265402658115847,2.002716064453125e-05,597,True
DIX+GEX,hurst,RNN,LSTM,4.2390841785273725,2.2411346435546875e-05,597,True
DIX+GEX,hurst,RNN,GRU,8.941082137052478,0.0,597,True
DIX+GEX,hurst,RNN,CNN,-2.4387021587256097,0.01474010944366455,597,True
DIX+GEX,hurst,RNN,CNN_LSTM,-0.46188650196419007,0.644162654876709,597,False
DIX+GEX,hurst,LSTM,GRU,8.267653597042848,0.0,597,True
DIX+GEX,hurst,LSTM,CNN,-4.464266534626892,8.106231689453125e-06,597,True
DIX+GEX,hurst,LSTM,CNN_LSTM,-2.516787485649553,0.011843204498291016,597,True
DIX+GEX,hurst,GRU,CNN,-6.033863771132959,0.0,597,True
DIX+GEX,hurst,GRU,CNN_LSTM,-3.9702848021948878,7.176399230957031e-05,597,True
DIX+GEX,hurst,CNN,CNN_LSTM,4.200759785333107,2.6702880859375e-05,597,True
DIX+GEX,none,ARIMA,GARCH,-18.603575912674465,0.0,619,True
DIX+GEX,none,ARIMA,ANN,-44.173918173978514,0.0,617,True
DIX+GEX,none,ARIMA,RNN,-44.149781275118464,0.0,617,True
DIX+GEX,none,ARIMA,LSTM,-44.274325667448196,0.0,617,True
DIX+GEX,none,ARIMA,GRU,-44.34844636854242,0.0,617,True
DIX+GEX,none,ARIMA,CNN,-44.27656085539588,0.0,617,True
DIX+GEX,none,ARIMA,CNN_LSTM,-44.43705548211285,0.0,617,True
DIX+GEX,none,GARCH,ANN,-74.02545305166662,0.0,617,True
DIX+GEX,none,GARCH,RNN,-74.52542833774731,0.0,617,True
DIX+GEX,none,GARCH,LSTM,-74.28666289963309,0.0,617,True
DIX+GEX,none,GARCH,GRU,-74.41556658599787,0.0,617,True
DIX+GEX,none,GARCH,CNN,-74.60341622889882,0.0,617,True
DIX+GEX,none,GARCH,CNN_LSTM,-75.09763142805967,0.0,617,True
DIX+GEX,none,ANN,RNN,-28.43864980063166,0.0,617,True
DIX+GEX,none,ANN,LSTM,-0.48756101431958615,0.6258608102798462,617,False
DIX+GEX,none,ANN,GRU,17.171914977740588,0.0,617,True
DIX+GEX,none,ANN,CNN,-8.583819177077952,0.0,617,True
DIX+GEX,none,ANN,CNN_LSTM,-6.533931165912331,0.0,617,True
DIX+GEX,none,RNN,LSTM,21.794069433243386,0.0,617,True
DIX+GEX,none,RNN,GRU,29.545609572458922,0.0,617,True
DIX+GEX,none,RNN,CNN,26.22644611592087,0.0,617,True
DIX+GEX,none,RNN,CNN_LSTM,14.71646461646069,0.0,617,True
DIX+GEX,none,LSTM,GRU,9.933321355267736,0.0,617,True
DIX+GEX,none,LSTM,CNN,-8.197418545163163,0.0,617,True
DIX+GEX,none,LSTM,CNN_LSTM,-8.990424761882421,0.0,617,True
DIX+GEX,none,GRU,CNN,-15.507990311810643,0.0,617,True
DIX+GEX,none,GRU,CNN_LSTM,-11.428177075019583,0.0,617,True
DIX+GEX,none,CNN,CNN_LSTM,-2.918856418656608,0.0035132169723510742,617,True
DIX+GEX,wavelet,ARIMA,GARCH,-20.58745105862044,0.0,589,True
DIX+GEX,wavelet,ARIMA,ANN,-52.7375893668729,0.0,587,True
DIX+GEX,wavelet,ARIMA,RNN,-53.084315855042895,0.0,587,True
DIX+GEX,wavelet,ARIMA,LSTM,-52.822583597581215,0.0,587,True
DIX+GEX,wavelet,ARIMA,GRU,-52.67366236453761,0.0,587,True
DIX+GEX,wavelet,ARIMA,CNN,-52.68960488874083,0.0,587,True
DIX+GEX,wavelet,ARIMA,CNN_LSTM,-52.74334734900708,0.0,587,True
DIX+GEX,wavelet,GARCH,ANN,-84.00274574781108,0.0,587,True
DIX+GEX,wavelet,GARCH,RNN,-84.80637554876681,0.0,587,True
DIX+GEX,wavelet,GARCH,LSTM,-83.98761436650557,0.0,587,True
DIX+GEX,wavelet,GARCH,GRU,-83.67613331233436,0.0,587,True
DIX+GEX,wavelet,GARCH,CNN,-83.98106117060266,0.0,587,True
DIX+GEX,wavelet,GARCH,CNN_LSTM,-84.11816142276587,0.0,587,True
DIX+GEX,wavelet,ANN,RNN,10.752228074236934,0.0,587,True
DIX+GEX,wavelet,ANN,LSTM,15.309718977666884,0.0,587,True
DIX+GEX,wavelet,ANN,GRU,7.455280551895657,0.0,587,True
DIX+GEX,wavelet,ANN,CNN,-8.754731228456802,0.0,587,True
DIX+GEX,wavelet,ANN,CNN_LSTM,-6.250709740319616,0.0,587,True
DIX+GEX,wavelet,RNN,LSTM,5.818386962793957,0.0,587,True
DIX+GEX,wavelet,RNN,GRU,-5.471235588151685,0.0,587,True
DIX+GEX,wavelet,RNN,CNN,-23.390073192509842,0.0,587,True
DIX+GEX,wavelet,RNN,CNN_LSTM,-27.315053863623405,0.0,587,True
DIX+GEX,wavelet,LSTM,GRU,-26.3301667170919,0.0,587,True
DIX+GEX,wavelet,LSTM,CNN,-31.82724728338827,0.0,587,True
DIX+GEX,wavelet,LSTM,CNN_LSTM,-33.954802203331575,0.0,587,True
DIX+GEX,wavelet,GRU,CNN,-21.53725343003817,0.0,587,True
DIX+GEX,wavelet,GRU,CNN_LSTM,-22.314259676655805,0.0,587,True
DIX+GEX,wavelet,CNN,CNN_LSTM,3.28968583661243,0.0010030269622802734,587,True
DIX+GEX+PUTCALLRATIO,hurst,ARIMA,GARCH,-21.061982598667147,0.0,599,True
DIX+GEX+PUTCALLRATIO,hurst,ARIMA,ANN,-52.186873749389285,0.0,597,True
DIX+GEX+PUTCALLRATIO,hurst,ARIMA,RNN,-52.07005062665989,0.0,597,True
DIX+GEX+PUTCALLRATIO,hurst,ARIMA,LSTM,-51.9575553197742,0.0,597,True
DIX+GEX+PUTCALLRATIO,hurst,ARIMA,GRU,-51.94339615145938,0.0,597,True
DIX+GEX+PUTCALLRATIO,hurst,ARIMA,CNN,-52.01391902308006,0.0,597,True
DIX+GEX+PUTCALLRATIO,hurst,ARIMA,CNN_LSTM,-52.06396566591596,0.0,597,True
DIX+GEX+PUTCALLRATIO,hurst,GARCH,ANN,-83.0209593910611,0.0,597,True
DIX+GEX+PUTCALLRATIO,hurst,GARCH,RNN,-82.64006514518485,0.0,597,True
DIX+GEX+PUTCALLRATIO,hurst,GARCH,LSTM,-82.40393302300409,0.0,597,True
DIX+GEX+PUTCALLRATIO,hurst,GARCH,GRU,-82.42222889593272,0.0,597,True
DIX+GEX+PUTCALLRATIO,hurst,GARCH,CNN,-82.79018088884625,0.0,597,True
DIX+GEX+PUTCALLRATIO,hurst,GARCH,CNN_LSTM,-82.99203799999422,0.0,597,True
DIX+GEX+PUTCALLRATIO,hurst,ANN,RNN,-5.146459844494468,2.384185791015625e-07,597,True
DIX+GEX+PUTCALLRATIO,hurst,ANN,LSTM,-6.4031014880633,0.0,597,True
DIX+GEX+PUTCALLRATIO,hurst,ANN,GRU,-7.468778323261231,0.0,597,True
DIX+GEX+PUTCALLRATIO,hurst,ANN,CNN,-12.147473866895734,0.0,597,True
DIX+GEX+PUTCALLRATIO,hurst,ANN,CNN_LSTM,-12.11048773075129,0.0,597,True
DIX+GEX+PUTCALLRATIO,hurst,RNN,LSTM,-0.8513966927588215,0.39454901218414307,597,False
DIX+GEX+PUTCALLRATIO,hurst,RNN,GRU,-3.535777304953387,0.00040662288665771484,597,True
DIX+GEX+PUTCALLRATIO,hurst,RNN,CNN,-7.7982362320259,0.0,597,True
DIX+GEX+PUTCALLRATIO,hurst,RNN,CNN_LSTM,-9.312254273834055,0.0,597,True
DIX+GEX+PUTCALLRATIO,hurst,LSTM,GRU,-7.981764497070485,0.0,597,True
DIX+GEX+PUTCALLRATIO,hurst,LSTM,CNN,-8.580707453061835,0.0,597,True
DIX+GEX+PUTCALLRATIO,hurst,LSTM,CNN_LSTM,-9.269380844441702,0.0,597,True
DIX+GEX+PUTCALLRATIO,hurst,GRU,CNN,-5.797295467329283,0.0,597,True
DIX+GEX+PUTCALLRATIO,hurst,GRU,CNN_LSTM,-7.704750694584103,0.0,597,True
DIX+GEX+PUTCALLRATIO,hurst,CNN,CNN_LSTM,-8.450109533196267,0.0,597,True
DIX+GEX+PUTCALLRATIO,none,ARIMA,GARCH,-18.603575912674465,0.0,619,True
DIX+GEX+PUTCALLRATIO,none,ARIMA,ANN,-44.35793125416613,0.0,617,True
DIX+GEX+PUTCALLRATIO,none,ARIMA,RNN,-44.31960695361973,0.0,617,True
DIX+GEX+PUTCALLRATIO,none,ARIMA,LSTM,-44.313829771490724,0.0,617,True
DIX+GEX+PUTCALLRATIO,none,ARIMA,GRU,-44.355335918260735,0.0,617,True
DIX+GEX+PUTCALLRATIO,none,ARIMA,CNN,-44.149425140220515,0.0,617,True
DIX+GEX+PUTCALLRATIO,none,ARIMA,CNN_LSTM,-44.23723044502604,0.0,617,True
DIX+GEX+PUTCALLRATIO,none,GARCH,ANN,-74.30360698394534,0.0,617,True
DIX+GEX+PUTCALLRATIO,none,GARCH,RNN,-74.35010127629407,0.0,617,True
DIX+GEX+PUTCALLRATIO,none,GARCH,LSTM,-74.28548211226082,0.0,617,True
DIX+GEX+PUTCALLRATIO,none,GARCH,GRU,-74.37411233116417,0.0,617,True
DIX+GEX+PUTCALLRATIO,none,GARCH,CNN,-74.30950266372017,0.0,617,True
DIX+GEX+PUTCALLRATIO,none,GARCH,CNN_LSTM,-74.5893641085496,0.0,617,True
DIX+GEX+PUTCALLRATIO,none,ANN,RNN,2.5289470404165075,0.011440515518188477,617,True
DIX+GEX+PUTCALLRATIO,none,ANN,LSTM,5.046260050690827,4.76837158203125e-07,617,True
DIX+GEX+PUTCALLRATIO,none,ANN,GRU,6.633494502123106,0.0,617,True
DIX+GEX+PUTCALLRATIO,none,ANN,CNN,-15.164130946451174,0.0,617,True
DIX+GEX+PUTCALLRATIO,none,ANN,CNN_LSTM,-11.865463799787527,0.0,617,True
DIX+GEX+PUTCALLRATIO,none,RNN,LSTM,3.2116588260713566,0.0013196468353271484,617,True
DIX+GEX+PUTCALLRATIO,none,RNN,GRU,4.868432060697931,1.0728836059570312e-06,617,True
DIX+GEX+PUTCALLRATIO,none,RNN,CNN,-19.701139573869074,0.0,617,True
DIX+GEX+PUTCALLRATIO,none,RNN,CNN_LSTM,-13.339440610380871,0.0,617,True
DIX+GEX+PUTCALLRATIO,none,LSTM,GRU,5.633735841067952,0.0,617,True
DIX+GEX+PUTCALLRATIO,none,LSTM,CNN,-18.921582961239046,0.0,617,True
DIX+GEX+PUTCALLRATIO,none,LSTM,CNN_LSTM,-13.35023559295692,0.0,617,True
DIX+GEX+PUTCALLRATIO,none,GRU,CNN,-18.72572648107016,0.0,617,True
DIX+GEX+PUTCALLRATIO,none,GRU,CNN_LSTM,-13.544259475543694,0.0,617,True
DIX+GEX+PUTCALLRATIO,none,CNN,CNN_LSTM,-3.4898999063201117,0.0004832744598388672,617,True
DIX+GEX+PUTCALLRATIO,wavelet,ARIMA,GARCH,-20.58745105862044,0.0,589,True
DIX+GEX+PUTCALLRATIO,wavelet,ARIMA,ANN,-53.07819402176688,0.0,587,True
DIX+GEX+PUTCALLRATIO,wavelet,ARIMA,RNN,-52.82349564797224,0.0,587,True
DIX+GEX+PUTCALLRATIO,wavelet,ARIMA,LSTM,-52.76875137787557,0.0,587,True
DIX+GEX+PUTCALLRATIO,wavelet,ARIMA,GRU,-52.8730111246095,0.0,587,True
DIX+GEX+PUTCALLRATIO,wavelet,ARIMA,CNN,-52.80915624031822,0.0,587,True
DIX+GEX+PUTCALLRATIO,wavelet,ARIMA,CNN_LSTM,-53.00886558360092,0.0,587,True
DIX+GEX+PUTCALLRATIO,wavelet,GARCH,ANN,-84.70191055388271,0.0,587,True
DIX+GEX+PUTCALLRATIO,wavelet,GARCH,RNN,-84.25226546212242,0.0,587,True
DIX+GEX+PUTCALLRATIO,wavelet,GARCH,LSTM,-84.09329769542943,0.0,587,True
DIX+GEX+PUTCALLRATIO,wavelet,GARCH,GRU,-84.10103553182053,0.0,587,True
DIX+GEX+PUTCALLRATIO,wavelet,GARCH,CNN,-84.24390757307113,0.0,587,True
DIX+GEX+PUTCALLRATIO,wavelet,GARCH,CNN_LSTM,-84.49127234661997,0.0,587,True
DIX+GEX+PUTCALLRATIO,wavelet,ANN,RNN,-25.171820321657336,0.0,587,True
DIX+GEX+PUTCALLRATIO,wavelet,ANN,LSTM,-36.59948040363312,0.0,587,True
DIX+GEX+PUTCALLRATIO,wavelet,ANN,GRU,-0.9443005953375349,0.3450160026550293,587,False
DIX+GEX+PUTCALLRATIO,wavelet,ANN,CNN,-33.57218781173215,0.0,587,True
DIX+GEX+PUTCALLRATIO,wavelet,ANN,CNN_LSTM,-4.939488616033583,7.152557373046875e-07,587,True
DIX+GEX+PUTCALLRATIO,wavelet,RNN,LSTM,-0.4955954893261194,0.6201797723770142,587,False
DIX+GEX+PUTCALLRATIO,wavelet,RNN,GRU,30.82484552698288,0.0,587,True
DIX+GEX+PUTCALLRATIO,wavelet,RNN,CNN,-2.819548296157418,0.004809141159057617,587,True
DIX+GEX+PUTCALLRATIO,wavelet,RNN,CNN_LSTM,20.728232874229654,0.0,587,True
DIX+GEX+PUTCALLRATIO,wavelet,LSTM,GRU,40.78247702650857,0.0,587,True
DIX+GEX+PUTCALLRATIO,wavelet,LSTM,CNN,-3.5683303905206296,0.0003592967987060547,587,True
DIX+GEX+PUTCALLRATIO,wavelet,LSTM,CNN_LSTM,19.948671916196222,0.0,587,True
DIX+GEX+PUTCALLRATIO,wavelet,GRU,CNN,-29.517627445516634,0.0,587,True
DIX+GEX+PUTCALLRATIO,wavelet,GRU,CNN_LSTM,-5.932693178576556,0.0,587,True
DIX+GEX+PUTCALLRATIO,wavelet,CNN,CNN_LSTM,18.04881897403906,0.0,587,True
DIX+GEX+SKEW,hurst,ARIMA,GARCH,-21.061982598667147,0.0,599,True
DIX+GEX+SKEW,hurst,ARIMA,ANN,-52.178393546074666,0.0,597,True
DIX+GEX+SKEW,hurst,ARIMA,RNN,-51.84537451961847,0.0,597,True
DIX+GEX+SKEW,hurst,ARIMA,LSTM,-51.948010372020114,0.0,597,True
DIX+GEX+SKEW,hurst,ARIMA,GRU,-51.842498682858924,0.0,597,True
DIX+GEX+SKEW,hurst,ARIMA,CNN,-52.060538092403476,0.0,597,True
DIX+GEX+SKEW,hurst,ARIMA,CNN_LSTM,-52.164576157808135,0.0,597,True
DIX+GEX+SKEW,hurst,GARCH,ANN,-83.24141289140937,0.0,597,True
DIX+GEX+SKEW,hurst,GARCH,RNN,-82.1792705416983,0.0,597,True
DIX+GEX+SKEW,hurst,GARCH,LSTM,-82.40712906038505,0.0,597,True
DIX+GEX+SKEW,hurst,GARCH,GRU,-82.20695060520157,0.0,597,True
DIX+GEX+SKEW,hurst,GARCH,CNN,-83.12266937778783,0.0,597,True
DIX+GEX+SKEW,hurst,GARCH,CNN_LSTM,-83.3087420479047,0.0,597,True
DIX+GEX+SKEW,hurst,ANN,RNN,-2.4806088063473193,0.013115882873535156,597,True
DIX+GEX+SKEW,hurst,ANN,LSTM,4.168776026642343,3.075599670410156e-05,597,True
DIX+GEX+SKEW,hurst,ANN,GRU,-1.136390144645529,0.25579333305358887,597,False
DIX+GEX+SKEW,hurst,ANN,CNN,-9.679128352990547,0.0,597,True
DIX+GEX+SKEW,hurst,ANN,CNN_LSTM,-3.3881931588788663,0.0007036924362182617,597,True
DIX+GEX+SKEW,hurst,RNN,LSTM,13.636926427346477,0.0,597,True
DIX+GEX+SKEW,hurst,RNN,GRU,3.496338027848762,0.0004715919494628906,597,True
DIX+GEX+SKEW,hurst,RNN,CNN,-6.455749655021607,0.0,597,True
DIX+GEX+SKEW,hurst,RNN,CNN_LSTM,-0.9247507596131712,0.35509562492370605,597,False
DIX+GEX+SKEW,hurst,LSTM,GRU,-16.401873940187368,0.0,597,True
DIX+GEX+SKEW,hurst,LSTM,CNN,-10.875369215169455,0.0,597,True
DIX+GEX+SKEW,hurst,LSTM,CNN_LSTM,-6.333913910235132,0.0,597,True
DIX+GEX+SKEW,hurst,GRU,CNN,-7.68307598270165,0.0,597,True
DIX+GEX+SKEW,hurst,GRU,CNN_LSTM,-2.169033746807948,0.030080199241638184,597,True
DIX+GEX+SKEW,hurst,CNN,CNN_LSTM,18.188287203243032,0.0,597,True
DIX+GEX+SKEW,none,ARIMA,GARCH,-18.603575912674465,0.0,619,True
DIX+GEX+SKEW,none,ARIMA,ANN,-44.43746341112883,0.0,617,True
DIX+GEX+SKEW,none,ARIMA,RNN,-44.391970073905576,0.0,617,True
DIX+GEX+SKEW,none,ARIMA,LSTM,-44.312380156990265,0.0,617,True
DIX+GEX+SKEW,none,ARIMA,GRU,-44.391682574790636,0.0,617,True
DIX+GEX+SKEW,none,ARIMA,CNN,-44.430219979433225,0.0,617,True
DIX+GEX+SKEW,none,ARIMA,CNN_LSTM,-44.45443377569944,0.0,617,True
DIX+GEX+SKEW,none,GARCH,ANN,-75.0410327526707,0.0,617,True
DIX+GEX+SKEW,none,GARCH,RNN,-74.85804869171065,0.0,617,True
DIX+GEX+SKEW,none,GARCH,LSTM,-74.40130988442712,0.0,617,True
DIX+GEX+SKEW,none,GARCH,GRU,-74.51502890533439,0.0,617,True
DIX+GEX+SKEW,none,GARCH,CNN,-74.86922514070119,0.0,617,True
DIX+GEX+SKEW,none,GARCH,CNN_LSTM,-75.1133153586656,0.0,617,True
DIX+GEX+SKEW,none,ANN,RNN,-4.522097916140186,6.198883056640625e-06,617,True
DIX+GEX+SKEW,none,ANN,LSTM,1.4002984698028904,0.161423921585083,617,False
DIX+GEX+SKEW,none,ANN,GRU,8.404284919556043,0.0,617,True
DIX+GEX+SKEW,none,ANN,CNN,7.273374352827139,0.0,617,True
DIX+GEX+SKEW,none,ANN,CNN_LSTM,-5.9540242728731645,0.0,617,True
DIX+GEX+SKEW,none,RNN,LSTM,5.643803357478888,0.0,617,True
DIX+GEX+SKEW,none,RNN,GRU,13.054842284416502,0.0,617,True
DIX+GEX+SKEW,none,RNN,CNN,10.762467587414942,0.0,617,True
DIX+GEX+SKEW,none,RNN,CNN_LSTM,2.584641968492701,0.009748101234436035,617,True
DIX+GEX+SKEW,none,LSTM,GRU,10.814669560316018,0.0,617,True
DIX+GEX+SKEW,none,LSTM,CNN,6.4306648061808085,0.0,617,True
DIX+GEX+SKEW,none,LSTM,CNN_LSTM,-4.405722156023441,1.049041748046875e-05,617,True
DIX+GEX+SKEW,none,GRU,CNN,-6.645419155072035,0.0,617,True
DIX+GEX+SKEW,none,GRU,CNN_LSTM,-9.60499226530223,0.0,617,True
DIX+GEX+SKEW,none,CNN,CNN_LSTM,-10.63111094340563,0.0,617,True
DIX+GEX+SKEW,wavelet,ARIMA,GARCH,-20.58745105862044,0.0,589,True
DIX+GEX+SKEW,wavelet,ARIMA,ANN,-53.07932584186054,0.0,587,True
DIX+GEX+SKEW,wavelet,ARIMA,RNN,-52.963394442588424,0.0,587,True
DIX+GEX+SKEW,wavelet,ARIMA,LSTM,-52.912047706553,0.0,587,True
DIX+GEX+SKEW,wavelet,ARIMA,GRU,-52.83612478928244,0.0,587,True
DIX+GEX+SKEW,wavelet,ARIMA,CNN,-53.0513341485634,0.0,587,True
DIX+GEX+SKEW,wavelet,ARIMA,CNN_LSTM,-52.570944523560904,0.0,587,True
DIX+GEX+SKEW,wavelet,GARCH,ANN,-84.64505769884022,0.0,587,True
DIX+GEX+SKEW,wavelet,GARCH,RNN,-84.48582160481446,0.0,587,True
DIX+GEX+SKEW,wavelet,GARCH,LSTM,-84.29332960196285,0.0,587,True
DIX+GEX+SKEW,wavelet,GARCH,GRU,-84.21003300708944,0.0,587,True
DIX+GEX+SKEW,wavelet,GARCH,CNN,-84.78166546433273,0.0,587,True
DIX+GEX+SKEW,wavelet,GARCH,CNN_LSTM,-83.35736246766211,0.0,587,True
DIX+GEX+SKEW,wavelet,ANN,RNN,-12.605756954860576,0.0,587,True
DIX+GEX+SKEW,wavelet,ANN,LSTM,-10.531265986593384,0.0,587,True
DIX+GEX+SKEW,wavelet,ANN,GRU,-24.820298340772805,0.0,587,True
DIX+GEX+SKEW,wavelet,ANN,CNN,-10.916249060775957,0.0,587,True
DIX+GEX+SKEW,wavelet,ANN,CNN_LSTM,-15.16743008159291,0.0,587,True
DIX+GEX+SKEW,wavelet,RNN,LSTM,4.766204460710596,1.9073486328125e-06,587,True
DIX+GEX+SKEW,wavelet,RNN,GRU,-12.420527325854778,0.0,587,True
DIX+GEX+SKEW,wavelet,RNN,CNN,-4.207226359722933,2.586841583251953e-05,587,True
DIX+GEX+SKEW,wavelet,RNN,CNN_LSTM,-5.738824036604541,0.0,587,True
DIX+GEX+SKEW,wavelet,LSTM,GRU,-31.584707471875863,0.0,587,True
DIX+GEX+SKEW,wavelet,LSTM,CNN,-7.381080213841561,0.0,587,True
DIX+GEX+SKEW,wavelet,LSTM,CNN_LSTM,-10.46273684555806,0.0,587,True
DIX+GEX+SKEW,wavelet,GRU,CNN,1.3008569557730458,0.19330739974975586,587,False
DIX+GEX+SKEW,wavelet,GRU,CNN_LSTM,2.44228740109326,0.014594554901123047,587,True
DIX+GEX+SKEW,wavelet,CNN,CNN_LSTM,0.11384155538667587,0.9093633890151978,587,False
DIX+GEX+SKEW+PUTCALLRATIO,hurst,ARIMA,GARCH,-21.061982598667147,0.0,599,True
DIX+GEX+SKEW+PUTCALLRATIO,hurst,ARIMA,ANN,-51.844984591538854,0.0,597,True
DIX+GEX+SKEW+PUTCALLRATIO,hurst,ARIMA,RNN,-51.96894869067259,0.0,597,True
DIX+GEX+SKEW+PUTCALLRATIO,hurst,ARIMA,LSTM,-52.014083642371894,0.0,597,True
DIX+GEX+SKEW+PUTCALLRATIO,hurst,ARIMA,GRU,-51.989196849588154,0.0,597,True
DIX+GEX+SKEW+PUTCALLRATIO,hurst,ARIMA,CNN,-52.00063611799297,0.0,597,True
DIX+GEX+SKEW+PUTCALLRATIO,hurst,ARIMA,CNN_LSTM,-52.059295918275176,0.0,597,True
DIX+GEX+SKEW+PUTCALLRATIO,hurst,GARCH,ANN,-82.20585705378423,0.0,597,True
DIX+GEX+SKEW+PUTCALLRATIO,hurst,GARCH,RNN,-82.76458839184201,0.0,597,True
DIX+GEX+SKEW+PUTCALLRATIO,hurst,GARCH,LSTM,-82.56052342105673,0.0,597,True
DIX+GEX+SKEW+PUTCALLRATIO,hurst,GARCH,GRU,-82.5478822241317,0.0,597,True
DIX+GEX+SKEW+PUTCALLRATIO,hurst,GARCH,CNN,-82.79171776512372,0.0,597,True
DIX+GEX+SKEW+PUTCALLRATIO,hurst,GARCH,CNN_LSTM,-82.93216474259778,0.0,597,True
DIX+GEX+SKEW+PUTCALLRATIO,hurst,ANN,RNN,-9.903615373152121,0.0,597,True
DIX+GEX+SKEW+PUTCALLRATIO,hurst,ANN,LSTM,14.789731588800109,0.0,597,True
DIX+GEX+SKEW+PUTCALLRATIO,hurst,ANN,GRU,15.545392065549672,0.0,597,True
DIX+GEX+SKEW+PUTCALLRATIO,hurst,ANN,CNN,-1.9167618853265975,0.055268168449401855,597,False
DIX+GEX+SKEW+PUTCALLRATIO,hurst,ANN,CNN_LSTM,-0.23714027200335083,0.8125479221343994,597,False
DIX+GEX+SKEW+PUTCALLRATIO,hurst,RNN,LSTM,17.741391270931032,0.0,597,True
DIX+GEX+SKEW+PUTCALLRATIO,hurst,RNN,GRU,18.697594692426264,0.0,597,True
DIX+GEX+SKEW+PUTCALLRATIO,hurst,RNN,CNN,6.311858078525456,0.0,597,True
DIX+GEX+SKEW+PUTCALLRATIO,hurst,RNN,CNN_LSTM,7.723737787399956,0.0,597,True
DIX+GEX+SKEW+PUTCALLRATIO,hurst,LSTM,GRU,-3.6035550021387435,0.00031375885009765625,597,True
DIX+GEX+SKEW+PUTCALLRATIO,hurst,LSTM,CNN,-10.793811931563209,0.0,597,True
DIX+GEX+SKEW+PUTCALLRATIO,hurst,LSTM,CNN_LSTM,-8.964393384614704,0.0,597,True
DIX+GEX+SKEW+PUTCALLRATIO,hurst,GRU,CNN,-10.400718806760768,0.0,597,True
DIX+GEX+SKEW+PUTCALLRATIO,hurst,GRU,CNN_LSTM,-8.408970199563923,0.0,597,True
DIX+GEX+SKEW+PUTCALLRATIO,hurst,CNN,CNN_LSTM,4.5639978407755875,5.0067901611328125e-06,597,True
DIX+GEX+SKEW+PUTCALLRATIO,none,ARIMA,GARCH,-18.603575912674465,0.0,619,True
DIX+GEX+SKEW+PUTCALLRATIO,none,ARIMA,ANN,-44.29888617897781,0.0,617,True
DIX+GEX+SKEW+PUTCALLRATIO,none,ARIMA,RNN,-44.3653961785128,0.0,617,True
DIX+GEX+SKEW+PUTCALLRATIO,none,ARIMA,LSTM,-44.342611245695316,0.0,617,True
DIX+GEX+SKEW+PUTCALLRATIO,none,ARIMA,GRU,-44.34042081925936,0.0,617,True
DIX+GEX+SKEW+PUTCALLRATIO,none,ARIMA,CNN,-44.27997635687818,0.0,617,True
DIX+GEX+SKEW+PUTCALLRATIO,none,ARIMA,CNN_LSTM,-44.385682206997146,0.0,617,True
DIX+GEX+SKEW+PUTCALLRATIO,none,GARCH,ANN,-74.4641277052744,0.0,617,True
DIX+GEX+SKEW+PUTCALLRATIO,none,GARCH,RNN,-74.56275366548103,0.0,617,True
DIX+GEX+SKEW+PUTCALLRATIO,none,GARCH,LSTM,-74.37473510969399,0.0,617,True
DIX+GEX+SKEW+PUTCALLRATIO,none,GARCH,GRU,-74.50880341782378,0.0,617,True
DIX+GEX+SKEW+PUTCALLRATIO,none,GARCH,CNN,-74.58283553064591,0.0,617,True
DIX+GEX+SKEW+PUTCALLRATIO,none,GARCH,CNN_LSTM,-74.79527114502208,0.0,617,True
DIX+GEX+SKEW+PUTCALLRATIO,none,ANN,RNN,7.477115689395561,0.0,617,True
DIX+GEX+SKEW+PUTCALLRATIO,none,ANN,LSTM,9.142369971671425,0.0,617,True
DIX+GEX+SKEW+PUTCALLRATIO,none,ANN,GRU,3.9452328990001253,7.963180541992188e-05,617,True
DIX+GEX+SKEW+PUTCALLRATIO,none,ANN,CNN,-9.754103898216476,0.0,617,True
DIX+GEX+SKEW+PUTCALLRATIO,none,ANN,CNN_LSTM,2.5101626013572913,0.012067556381225586,617,True
DIX+GEX+SKEW+PUTCALLRATIO,none,RNN,LSTM,3.206346732547749,0.0013443231582641602,617,True
DIX+GEX+SKEW+PUTCALLRATIO,none,RNN,GRU,-4.368464438903097,1.2636184692382812e-05,617,True
DIX+GEX+SKEW+PUTCALLRATIO,none,RNN,CNN,-13.196489055133549,0.0,617,True
DIX+GEX+SKEW+PUTCALLRATIO,none,RNN,CNN_LSTM,-6.1473617695998595,0.0,617,True
DIX+GEX+SKEW+PUTCALLRATIO,none,LSTM,GRU,-7.532375189734065,0.0,617,True
DIX+GEX+SKEW+PUTCALLRATIO,none,LSTM,CNN,-13.367482080972989,0.0,617,True
DIX+GEX+SKEW+PUTCALLRATIO,none,LSTM,CNN_LSTM,-7.362319752109449,0.0,617,True
DIX+GEX+SKEW+PUTCALLRATIO,none,GRU,CNN,-14.572533770810825,0.0,617,True
DIX+GEX+SKEW+PUTCALLRATIO,none,GRU,CNN_LSTM,-1.7750258749483223,0.07589364051818848,617,False
DIX+GEX+SKEW+PUTCALLRATIO,none,CNN,CNN_LSTM,13.09878287117864,0.0,617,True
DIX+GEX+SKEW+PUTCALLRATIO,wavelet,ARIMA,GARCH,-20.58745105862044,0.0,589,True
DIX+GEX+SKEW+PUTCALLRATIO,wavelet,ARIMA,ANN,-52.79933014621795,0.0,587,True
DIX+GEX+SKEW+PUTCALLRATIO,wavelet,ARIMA,RNN,-53.15726913847907,0.0,587,True
DIX+GEX+SKEW+PUTCALLRATIO,wavelet,ARIMA,LSTM,-52.97553433157136,0.0,587,True
DIX+GEX+SKEW+PUTCALLRATIO,wavelet,ARIMA,GRU,-52.90341323573432,0.0,587,True
DIX+GEX+SKEW+PUTCALLRATIO,wavelet,ARIMA,CNN,-52.92317721726679,0.0,587,True
DIX+GEX+SKEW+PUTCALLRATIO,wavelet,ARIMA,CNN_LSTM,-53.0891764809669,0.0,587,True
DIX+GEX+SKEW+PUTCALLRATIO,wavelet,GARCH,ANN,-83.89168721774175,0.0,587,True
DIX+GEX+SKEW+PUTCALLRATIO,wavelet,GARCH,RNN,-84.8769831339326,0.0,587,True
DIX+GEX+SKEW+PUTCALLRATIO,wavelet,GARCH,LSTM,-84.38070582956759,0.0,587,True
DIX+GEX+SKEW+PUTCALLRATIO,wavelet,GARCH,GRU,-84.32649048251345,0.0,587,True
DIX+GEX+SKEW+PUTCALLRATIO,wavelet,GARCH,CNN,-84.46610844872279,0.0,587,True
DIX+GEX+SKEW+PUTCALLRATIO,wavelet,GARCH,CNN_LSTM,-84.91003872737546,0.0,587,True
DIX+GEX+SKEW+PUTCALLRATIO,wavelet,ANN,RNN,-0.179435424657642,0.8575958013534546,587,False
DIX+GEX+SKEW+PUTCALLRATIO,wavelet,ANN,LSTM,1.6380522766273693,0.10141074657440186,587,False
DIX+GEX+SKEW+PUTCALLRATIO,wavelet,ANN,GRU,-12.226271651810348,0.0,587,True
DIX+GEX+SKEW+PUTCALLRATIO,wavelet,ANN,CNN,-15.98043024418209,0.0,587,True
DIX+GEX+SKEW+PUTCALLRATIO,wavelet,ANN,CNN_LSTM,-8.304111874063778,0.0,587,True
DIX+GEX+SKEW+PUTCALLRATIO,wavelet,RNN,LSTM,1.5496499553592702,0.12122559547424316,587,False
DIX+GEX+SKEW+PUTCALLRATIO,wavelet,RNN,GRU,-10.162674415240348,0.0,587,True
DIX+GEX+SKEW+PUTCALLRATIO,wavelet,RNN,CNN,-20.129179912768752,0.0,587,True
DIX+GEX+SKEW+PUTCALLRATIO,wavelet,RNN,CNN_LSTM,-11.851332347826931,0.0,587,True
DIX+GEX+SKEW+PUTCALLRATIO,wavelet,LSTM,GRU,-25.896527026629315,0.0,587,True
DIX+GEX+SKEW+PUTCALLRATIO,wavelet,LSTM,CNN,-25.134435901388446,0.0,587,True
DIX+GEX+SKEW+PUTCALLRATIO,wavelet,LSTM,CNN_LSTM,-11.227571731496745,0.0,587,True
DIX+GEX+SKEW+PUTCALLRATIO,wavelet,GRU,CNN,-14.490831925088013,0.0,587,True
DIX+GEX+SKEW+PUTCALLRATIO,wavelet,GRU,CNN_LSTM,-5.217092717390454,4.76837158203125e-07,587,True
DIX+GEX+SKEW+PUTCALLRATIO,wavelet,CNN,CNN_LSTM,3.269806189580026,0.0010762214660644531,587,True
DIX+PUTCALLRATIO,hurst,ARIMA,GARCH,-21.061982598667147,0.0,599,True
DIX+PUTCALLRATIO,hurst,ARIMA,ANN,-52.030242403276716,0.0,597,True
DIX+PUTCALLRATIO,hurst,ARIMA,RNN,-51.926624180883096,0.0,597,True
DIX+PUTCALLRATIO,hurst,ARIMA,LSTM,-52.023462486694235,0.0,597,True
DIX+PUTCALLRATIO,hurst,ARIMA,GRU,-51.90673243648429,0.0,597,True
DIX+PUTCALLRATIO,hurst,ARIMA,CNN,-51.69451856338819,0.0,597,True
DIX+PUTCALLRATIO,hurst,ARIMA,CNN_LSTM,-51.81868476048283,0.0,597,True
DIX+PUTCALLRATIO,hurst,GARCH,ANN,-82.4603936047223,0.0,597,True
DIX+PUTCALLRATIO,hurst,GARCH,RNN,-82.41479616306304,0.0,597,True
DIX+PUTCALLRATIO,hurst,GARCH,LSTM,-82.47466609963278,0.0,597,True
DIX+PUTCALLRATIO,hurst,GARCH,GRU,-82.36941402683259,0.0,597,True
DIX+PUTCALLRATIO,hurst,GARCH,CNN,-82.0389736922606,0.0,597,True
DIX+PUTCALLRATIO,hurst,GARCH,CNN_LSTM,-82.18433428160569,0.0,597,True
DIX+PUTCALLRATIO,hurst,ANN,RNN,-3.2927705325286474,0.0009920597076416016,597,True
DIX+PUTCALLRATIO,hurst,ANN,LSTM,3.639268933556212,0.0002734661102294922,597,True
DIX+PUTCALLRATIO,hurst,ANN,GRU,-2.146500341614059,0.03183293342590332,597,True
DIX+PUTCALLRATIO,hurst,ANN,CNN,-15.203618492288193,0.0,597,True
DIX+PUTCALLRATIO,hurst,ANN,CNN_LSTM,-10.005530794860253,0.0,597,True
DIX+PUTCALLRATIO,hurst,RNN,LSTM,9.233836869891467,0.0,597,True
DIX+PUTCALLRATIO,hurst,RNN,GRU,2.116157955271608,0.034331440925598145,597,True
DIX+PUTCALLRATIO,hurst,RNN,CNN,-20.750287788403345,0.0,597,True
DIX+PUTCALLRATIO,hurst,RNN,CNN_LSTM,-9.226231851462442,0.0,597,True
DIX+PUTCALLRATIO,hurst,LSTM,GRU,-8.546409070010952,0.0,597,True
DIX+PUTCALLRATIO,hurst,LSTM,CNN,-19.180877697526864,0.0,597,True
DIX+PUTCALLRATIO,hurst,LSTM,CNN_LSTM,-12.23121509787851,0.0,597,True
DIX+PUTCALLRATIO,hurst,GRU,CNN,-20.839935818880026,0.0,597,True
DIX+PUTCALLRATIO,hurst,GRU,CNN_LSTM,-9.29299277921017,0.0,597,True
DIX+PUTCALLRATIO,hurst,CNN,CNN_LSTM,16.67260242266872,0.0,597,True
DIX+PUTCALLRATIO,none,ARIMA,GARCH,-18.603575912674465,0.0,619,True
DIX+PUTCALLRATIO,none,ARIMA,ANN,-44.231006713700744,0.0,617,True
DIX+PUTCALLRATIO,none,ARIMA,RNN,-44.305396246838406,0.0,617,True
DIX+PUTCALLRATIO,none,ARIMA,LSTM,-44.144749230809786,0.0,617,True
DIX+PUTCALLRATIO,none,ARIMA,GRU,-44.28109259645271,0.0,617,True
DIX+PUTCALLRATIO,none,ARIMA,CNN,-43.90607355079752,0.0,617,True
DIX+PUTCALLRATIO,none,ARIMA,CNN_LSTM,-44.12752752684866,0.0,617,True
DIX+PUTCALLRATIO,none,GARCH,ANN,-74.13358603044341,0.0,617,True
DIX+PUTCALLRATIO,none,GARCH,RNN,-74.3941289714327,0.0,617,True
DIX+PUTCALLRATIO,none,GARCH,LSTM,-73.98823933583341,0.0,617,True
DIX+PUTCALLRATIO,none,GARCH,GRU,-74.23573608282304,0.0,617,True
DIX+PUTCALLRATIO,none,GARCH,CNN,-73.55592336805222,0.0,617,True
DIX+PUTCALLRATIO,none,GARCH,CNN_LSTM,-73.93917231809085,0.0,617,True
DIX+PUTCALLRATIO,none,ANN,RNN,2.292716448917292,0.02186417579650879,617,True
DIX+PUTCALLRATIO,none,ANN,LSTM,-11.422139309791216,0.0,617,True
DIX+PUTCALLRATIO,none,ANN,GRU,8.245892982526094,0.0,617,True
DIX+PUTCALLRATIO,none,ANN,CNN,-20.15646823513053,0.0,617,True
DIX+PUTCALLRATIO,none,ANN,CNN_LSTM,-12.186489096586449,0.0,617,True
DIX+PUTCALLRATIO,none,RNN,LSTM,-15.547806389831997,0.0,617,True
DIX+PUTCALLRATIO,none,RNN,GRU,4.642532401858334,3.4570693969726562e-06,617,True
DIX+PUTCALLRATIO,none,RNN,CNN,-21.601310330047085,0.0,617,True
DIX+PUTCALLRATIO,none,RNN,CNN_LSTM,-14.900929036002907,0.0,617,True
DIX+PUTCALLRATIO,none,LSTM,GRU,19.38020424579057,0.0,617,True
DIX+PUTCALLRATIO,none,LSTM,CNN,-21.23563700978004,0.0,617,True
DIX+PUTCALLRATIO,none,LSTM,CNN_LSTM,-5.240034244695425,2.384185791015625e-07,617,True
DIX+PUTCALLRATIO,none,GRU,CNN,-21.37905951019731,0.0,617,True
DIX+PUTCALLRATIO,none,GRU,CNN_LSTM,-19.252105168084967,0.0,617,True
DIX+PUTCALLRATIO,none,CNN,CNN_LSTM,21.20150995698442,0.0,617,True
DIX+PUTCALLRATIO,wavelet,ARIMA,GARCH,-20.58745105862044,0.0,589,True
DIX+PUTCALLRATIO,wavelet,ARIMA,ANN,-52.967527153525324,0.0,587,True
DIX+PUTCALLRATIO,wavelet,ARIMA,RNN,-52.81783961329811,0.0,587,True
DIX+PUTCALLRATIO,wavelet,ARIMA,LSTM,-52.734375547922475,0.0,587,True
DIX+PUTCALLRATIO,wavelet,ARIMA,GRU,-52.76056909489309,0.0,587,True
DIX+PUTCALLRATIO,wavelet,ARIMA,CNN,-52.952073656575635,0.0,587,True
DIX+PUTCALLRATIO,wavelet,ARIMA,CNN_LSTM,-52.84172045410865,0.0,587,True
DIX+PUTCALLRATIO,wavelet,GARCH,ANN,-84.2873186194053,0.0,587,True
DIX+PUTCALLRATIO,wavelet,GARCH,RNN,-83.98113484660932,0.0,587,True
DIX+PUTCALLRATIO,wavelet,GARCH,LSTM,-83.84487777468819,0.0,587,True
DIX+PUTCALLRATIO,wavelet,GARCH,GRU,-83.84491309225945,0.0,587,True
DIX+PUTCALLRATIO,wavelet,GARCH,CNN,-84.82986575143589,0.0,587,True
DIX+PUTCALLRATIO,wavelet,GARCH,CNN_LSTM,-84.28300164296047,0.0,587,True
DIX+PUTCALLRATIO,wavelet,ANN,RNN,-15.331546152018497,0.0,587,True
DIX+PUTCALLRATIO,wavelet,ANN,LSTM,-26.322163242332955,0.0,587,True
DIX+PUTCALLRATIO,wavelet,ANN,GRU,-19.91857285354696,0.0,587,True
DIX+PUTCALLRATIO,wavelet,ANN,CNN,-24.19569923943768,0.0,587,True
DIX+PUTCALLRATIO,wavelet,ANN,CNN_LSTM,-26.37373634220577,0.0,587,True
DIX+PUTCALLRATIO,wavelet,RNN,LSTM,-21.311500576046182,0.0,587,True
DIX+PUTCALLRATIO,wavelet,RNN,GRU,-10.360649402920295,0.0,587,True
DIX+PUTCALLRATIO,wavelet,RNN,CNN,-20.012654146893908,0.0,587,True
DIX+PUTCALLRATIO,wavelet,RNN,CNN_LSTM,-15.554681937467832,0.0,587,True
DIX+PUTCALLRATIO,wavelet,LSTM,GRU,20.84418703799766,0.0,587,True
DIX+PUTCALLRATIO,wavelet,LSTM,CNN,-16.55619075683376,0.0,587,True
DIX+PUTCALLRATIO,wavelet,LSTM,CNN_LSTM,-8.199591438207626,0.0,587,True
DIX+PUTCALLRATIO,wavelet,GRU,CNN,-18.66999726498346,0.0,587,True
DIX+PUTCALLRATIO,wavelet,GRU,CNN_LSTM,-12.502096641061879,0.0,587,True
DIX+PUTCALLRATIO,wavelet,CNN,CNN_LSTM,14.651425363752688,0.0,587,True
DIX+SKEW,hurst,ARIMA,GARCH,-21.061982598667147,0.0,599,True
DIX+SKEW,hurst,ARIMA,ANN,-52.18354204276337,0.0,597,True
DIX+SKEW,hurst,ARIMA,RNN,-51.93106914299986,0.0,597,True
DIX+SKEW,hurst,ARIMA,LSTM,-51.947658239682575,0.0,597,True
DIX+SKEW,hurst,ARIMA,GRU,-51.87130908875855,0.0,597,True
DIX+SKEW,hurst,ARIMA,CNN,-52.00711818025805,0.0,597,True
DIX+SKEW,hurst,ARIMA,CNN_LSTM,-51.947685738019025,0.0,597,True
DIX+SKEW,hurst,GARCH,ANN,-83.02687239513075,0.0,597,True
DIX+SKEW,hurst,GARCH,RNN,-82.45228730106665,0.0,597,True
DIX+SKEW,hurst,GARCH,LSTM,-82.44681161423088,0.0,597,True
DIX+SKEW,hurst,GARCH,GRU,-82.28401750243198,0.0,597,True
DIX+SKEW,hurst,GARCH,CNN,-82.85960696880356,0.0,597,True
DIX+SKEW,hurst,GARCH,CNN_LSTM,-82.83886070072079,0.0,597,True
DIX+SKEW,hurst,ANN,RNN,-5.75158771261437,0.0,597,True
DIX+SKEW,hurst,ANN,LSTM,-3.815819352395221,0.00013566017150878906,597,True
DIX+SKEW,hurst,ANN,GRU,-5.691795911008398,0.0,597,True
DIX+SKEW,hurst,ANN,CNN,-12.34308253387468,0.0,597,True
DIX+SKEW,hurst,ANN,CNN_LSTM,-13.245702639051906,0.0,597,True
DIX+SKEW,hurst,RNN,LSTM,4.091537690620613,4.291534423828125e-05,597,True
DIX+SKEW,hurst,RNN,GRU,-0.6016845380595416,0.5473841428756714,597,False
DIX+SKEW,hurst,RNN,CNN,-5.981454472589685,0.0,597,True
DIX+SKEW,hurst,RNN,CNN_LSTM,-9.479975829046866,0.0,597,True
DIX+SKEW,hurst,LSTM,GRU,-4.879803112972062,9.5367431640625e-07,597,True
DIX+SKEW,hurst,LSTM,CNN,-6.9813341553394475,0.0,597,True
DIX+SKEW,hurst,LSTM,CNN_LSTM,-9.945674217058068,0.0,597,True
DIX+SKEW,hurst,GRU,CNN,-5.654210414132948,0.0,597,True
DIX+SKEW,hurst,GRU,CNN_LSTM,-9.26274843541627,0.0,597,True
DIX+SKEW,hurst,CNN,CNN_LSTM,-12.743712113324596,0.0,597,True
DIX+SKEW,none,ARIMA,GARCH,-18.603575912674465,0.0,619,True
DIX+SKEW,none,ARIMA,ANN,-44.46228491178961,0.0,617,True
DIX+SKEW,none,ARIMA,RNN,-44.3742036315531,0.0,617,True
DIX+SKEW,none,ARIMA,LSTM,-44.24518660910166,0.0,617,True
DIX+SKEW,none,ARIMA,GRU,-44.41419682640557,0.0,617,True
DIX+SKEW,none,ARIMA,CNN,-44.343117325353646,0.0,617,True
DIX+SKEW,none,ARIMA,CNN_LSTM,-44.36642792184712,0.0,617,True
DIX+SKEW,none,GARCH,ANN,-74.79275143112771,0.0,617,True
DIX+SKEW,none,GARCH,RNN,-74.78308718977519,0.0,617,True
DIX+SKEW,none,GARCH,LSTM,-74.27323309386,0.0,617,True
DIX+SKEW,none,GARCH,GRU,-74.52845756107732,0.0,617,True
DIX+SKEW,none,GARCH,CNN,-74.67843663894264,0.0,617,True
DIX+SKEW,none,GARCH,CNN_LSTM,-74.54351860039732,0.0,617,True
DIX+SKEW,none,ANN,RNN,-16.026876983402875,0.0,617,True
DIX+SKEW,none,ANN,LSTM,-14.754027407958125,0.0,617,True
DIX+SKEW,none,ANN,GRU,-2.618773946160811,0.008824586868286133,617,True
DIX+SKEW,none,ANN,CNN,-11.726325158588049,0.0,617,True
DIX+SKEW,none,ANN,CNN_LSTM,-6.678802999694539,0.0,617,True
DIX+SKEW,none,RNN,LSTM,5.9122732941702125,0.0,617,True
DIX+SKEW,none,RNN,GRU,13.335059729257365,0.0,617,True
DIX+SKEW,none,RNN,CNN,13.759569826694573,0.0,617,True
DIX+SKEW,none,RNN,CNN_LSTM,16.43156767934585,0.0,617,True
DIX+SKEW,none,LSTM,GRU,12.089229753054447,0.0,617,True
DIX+SKEW,none,LSTM,CNN,6.302929674108466,0.0,617,True
DIX+SKEW,none,LSTM,CNN_LSTM,14.230745071912523,0.0,617,True
DIX+SKEW,none,GRU,CNN,-9.072607729585274,0.0,617,True
DIX+SKEW,none,GRU,CNN_LSTM,-3.8692774327735218,0.00010919570922851562,617,True
DIX+SKEW,none,CNN,CNN_LSTM,11.81707779431646,0.0,617,True
DIX+SKEW,wavelet,ARIMA,GARCH,-20.58745105862044,0.0,589,True
DIX+SKEW,wavelet,ARIMA,ANN,-52.97595172287679,0.0,587,True
DIX+SKEW,wavelet,ARIMA,RNN,-52.93123100730898,0.0,587,True
DIX+SKEW,wavelet,ARIMA,LSTM,-52.859648077313395,0.0,587,True
DIX+SKEW,wavelet,ARIMA,GRU,-52.93200627215584,0.0,587,True
DIX+SKEW,wavelet,ARIMA,CNN,-52.701647509412346,0.0,587,True
DIX+SKEW,wavelet,ARIMA,CNN_LSTM,-52.9011071981762,0.0,587,True
DIX+SKEW,wavelet,GARCH,ANN,-84.38173265452875,0.0,587,True
DIX+SKEW,wavelet,GARCH,RNN,-84.50252806749701,0.0,587,True
DIX+SKEW,wavelet,GARCH,LSTM,-83.95943684242944,0.0,587,True
DIX+SKEW,wavelet,GARCH,GRU,-84.27464846775972,0.0,587,True
DIX+SKEW,wavelet,GARCH,CNN,-84.14004153125633,0.0,587,True
DIX+SKEW,wavelet,GARCH,CNN_LSTM,-84.3236875351707,0.0,587,True
DIX+SKEW,wavelet,ANN,RNN,-17.119780013795328,0.0,587,True
DIX+SKEW,wavelet,ANN,LSTM,7.070590285150977,0.0,587,True
DIX+SKEW,wavelet,ANN,GRU,-0.03102644575302029,0.9752484560012817,587,False
DIX+SKEW,wavelet,ANN,CNN,-40.61509751929416,0.0,587,True
DIX+SKEW,wavelet,ANN,CNN_LSTM,-12.236861897242575,0.0,587,True
DIX+SKEW,wavelet,RNN,LSTM,17.439413187829143,0.0,587,True
DIX+SKEW,wavelet,RNN,GRU,15.65217542574995,0.0,587,True
DIX+SKEW,wavelet,RNN,CNN,-24.680204253162284,0.0,587,True
DIX+SKEW,wavelet,RNN,CNN_LSTM,7.223557934052812,0.0,587,True
DIX+SKEW,wavelet,LSTM,GRU,-13.782155962372304,0.0,587,True
DIX+SKEW,wavelet,LSTM,CNN,-39.85103519652834,0.0,587,True
DIX+SKEW,wavelet,LSTM,CNN_LSTM,-22.25617811512735,0.0,587,True
DIX+SKEW,wavelet,GRU,CNN,-41.161777484392225,0.0,587,True
DIX+SKEW,wavelet,GRU,CNN_LSTM,-16.934911181807802,0.0,587,True
DIX+SKEW,wavelet,CNN,CNN_LSTM,44.180328908035825,0.0,587,True
DIX+SKEW+PUTCALLRATIO,hurst,ARIMA,GARCH,-21.061982598667147,0.0,599,True
DIX+SKEW+PUTCALLRATIO,hurst,ARIMA,ANN,-52.08426997109189,0.0,597,True
DIX+SKEW+PUTCALLRATIO,hurst,ARIMA,RNN,-51.98037495073666,0.0,597,True
DIX+SKEW+PUTCALLRATIO,hurst,ARIMA,LSTM,-52.01250185221393,0.0,597,True
DIX+SKEW+PUTCALLRATIO,hurst,ARIMA,GRU,-52.01971098598168,0.0,597,True
DIX+SKEW+PUTCALLRATIO,hurst,ARIMA,CNN,-51.935511533023615,0.0,597,True
DIX+SKEW+PUTCALLRATIO,hurst,ARIMA,CNN_LSTM,-52.08840026228479,0.0,597,True
DIX+SKEW+PUTCALLRATIO,hurst,GARCH,ANN,-82.75384475912213,0.0,597,True
DIX+SKEW+PUTCALLRATIO,hurst,GARCH,RNN,-82.45352318363172,0.0,597,True
DIX+SKEW+PUTCALLRATIO,hurst,GARCH,LSTM,-82.42193303906822,0.0,597,True
DIX+SKEW+PUTCALLRATIO,hurst,GARCH,GRU,-82.59102777713791,0.0,597,True
DIX+SKEW+PUTCALLRATIO,hurst,GARCH,CNN,-82.61508814345673,0.0,597,True
DIX+SKEW+PUTCALLRATIO,hurst,GARCH,CNN_LSTM,-83.09333738559673,0.0,597,True
DIX+SKEW+PUTCALLRATIO,hurst,ANN,RNN,-0.5749776045004945,0.5653064250946045,597,False
DIX+SKEW+PUTCALLRATIO,hurst,ANN,LSTM,3.0228088064504735,0.0025043487548828125,597,True
DIX+SKEW+PUTCALLRATIO,hurst,ANN,GRU,3.725210518653678,0.0001951456069946289,597,True
DIX+SKEW+PUTCALLRATIO,hurst,ANN,CNN,-10.354461939915563,0.0,597,True
DIX+SKEW+PUTCALLRATIO,hurst,ANN,CNN_LSTM,-9.932371953979848,0.0,597,True
DIX+SKEW+PUTCALLRATIO,hurst,RNN,LSTM,3.5848508471479543,0.00033724308013916016,597,True
DIX+SKEW+PUTCALLRATIO,hurst,RNN,GRU,4.472402425062307,7.867813110351562e-06,597,True
DIX+SKEW+PUTCALLRATIO,hurst,RNN,CNN,-9.506178319240332,0.0,597,True
DIX+SKEW+PUTCALLRATIO,hurst,RNN,CNN_LSTM,-8.468232270547643,0.0,597,True
DIX+SKEW+PUTCALLRATIO,hurst,LSTM,GRU,1.8379110930253464,0.06607556343078613,597,False
DIX+SKEW+PUTCALLRATIO,hurst,LSTM,CNN,-9.013788808257932,0.0,597,True
DIX+SKEW+PUTCALLRATIO,hurst,LSTM,CNN_LSTM,-8.831818864609891,0.0,597,True
DIX+SKEW+PUTCALLRATIO,hurst,GRU,CNN,-11.33856662843919,0.0,597,True
DIX+SKEW+PUTCALLRATIO,hurst,GRU,CNN_LSTM,-9.956109083818031,0.0,597,True
DIX+SKEW+PUTCALLRATIO,hurst,CNN,CNN_LSTM,-2.0129310318417897,0.04412198066711426,597,True
DIX+SKEW+PUTCALLRATIO,none,ARIMA,GARCH,-18.603575912674465,0.0,619,True
DIX+SKEW+PUTCALLRATIO,none,ARIMA,ANN,-44.42494281179499,0.0,617,True
DIX+SKEW+PUTCALLRATIO,none,ARIMA,RNN,-44.322739943554446,0.0,617,True
DIX+SKEW+PUTCALLRATIO,none,ARIMA,LSTM,-44.34188494589826,0.0,617,True
DIX+SKEW+PUTCALLRATIO,none,ARIMA,GRU,-44.22765874843725,0.0,617,True
DIX+SKEW+PUTCALLRATIO,none,ARIMA,CNN,-44.291659890419524,0.0,617,True
DIX+SKEW+PUTCALLRATIO,none,ARIMA,CNN_LSTM,-44.21298385360772,0.0,617,True
DIX+SKEW+PUTCALLRATIO,none,GARCH,ANN,-74.43803736448659,0.0,617,True
DIX+SKEW+PUTCALLRATIO,none,GARCH,RNN,-74.40103156058407,0.0,617,True
DIX+SKEW+PUTCALLRATIO,none,GARCH,LSTM,-74.43319677008587,0.0,617,True
DIX+SKEW+PUTCALLRATIO,none,GARCH,GRU,-74.06799472853452,0.0,617,True
DIX+SKEW+PUTCALLRATIO,none,GARCH,CNN,-74.54775795067849,0.0,617,True
DIX+SKEW+PUTCALLRATIO,none,GARCH,CNN_LSTM,-74.46545472350678,0.0,617,True
DIX+SKEW+PUTCALLRATIO,none,ANN,RNN,4.227737028139229,2.3484230041503906e-05,617,True
DIX+SKEW+PUTCALLRATIO,none,ANN,LSTM,-0.39363628036135956,0.6938495635986328,617,False
DIX+SKEW+PUTCALLRATIO,none,ANN,GRU,1.193932136487061,0.2325044870376587,617,False
DIX+SKEW+PUTCALLRATIO,none,ANN,CNN,-4.4992913591849115,6.9141387939453125e-06,617,True
DIX+SKEW+PUTCALLRATIO,none,ANN,CNN_LSTM,-10.092466209673677,0.0,617,True
DIX+SKEW+PUTCALLRATIO,none,RNN,LSTM,-5.359413392224011,0.0,617,True
DIX+SKEW+PUTCALLRATIO,none,RNN,GRU,-8.816114203332855,0.0,617,True
DIX+SKEW+PUTCALLRATIO,none,RNN,CNN,-11.76165921788473,0.0,617,True
DIX+SKEW+PUTCALLRATIO,none,RNN,CNN_LSTM,-12.503618180584802,0.0,617,True
DIX+SKEW+PUTCALLRATIO,none,LSTM,GRU,1.7278703030899705,0.08401131629943848,617,False
DIX+SKEW+PUTCALLRATIO,none,LSTM,CNN,-6.815828407307707,0.0,617,True
DIX+SKEW+PUTCALLRATIO,none,LSTM,CNN_LSTM,-13.809957355078868,0.0,617,True
DIX+SKEW+PUTCALLRATIO,none,GRU,CNN,-8.114622147745273,0.0,617,True
DIX+SKEW+PUTCALLRATIO,none,GRU,CNN_LSTM,-11.314838425707666,0.0,617,True
DIX+SKEW+PUTCALLRATIO,none,CNN,CNN_LSTM,-11.710396819456077,0.0,617,True
DIX+SKEW+PUTCALLRATIO,wavelet,ARIMA,GARCH,-20.58745105862044,0.0,589,True
DIX+SKEW+PUTCALLRATIO,wavelet,ARIMA,ANN,-53.21523365652314,0.0,587,True
DIX+SKEW+PUTCALLRATIO,wavelet,ARIMA,RNN,-53.027934193471104,0.0,587,True
DIX+SKEW+PUTCALLRATIO,wavelet,ARIMA,LSTM,-52.93502691368479,0.0,587,True
DIX+SKEW+PUTCALLRATIO,wavelet,ARIMA,GRU,-52.86341834649825,0.0,587,True
DIX+SKEW+PUTCALLRATIO,wavelet,ARIMA,CNN,-53.006805620666796,0.0,587,True
DIX+SKEW+PUTCALLRATIO,wavelet,ARIMA,CNN_LSTM,-52.928234171438916,0.0,587,True
DIX+SKEW+PUTCALLRATIO,wavelet,GARCH,ANN,-85.09656106037617,0.0,587,True
DIX+SKEW+PUTCALLRATIO,wavelet,GARCH,RNN,-84.49214853068476,0.0,587,True
DIX+SKEW+PUTCALLRATIO,wavelet,GARCH,LSTM,-84.20939800122599,0.0,587,True
DIX+SKEW+PUTCALLRATIO,wavelet,GARCH,GRU,-84.09139976613841,0.0,587,True
DIX+SKEW+PUTCALLRATIO,wavelet,GARCH,CNN,-85.05919601843753,0.0,587,True
DIX+SKEW+PUTCALLRATIO,wavelet,GARCH,CNN_LSTM,-84.23671103833524,0.0,587,True
DIX+SKEW+PUTCALLRATIO,wavelet,ANN,RNN,5.123156787903493,4.76837158203125e-07,587,True
DIX+SKEW+PUTCALLRATIO,wavelet,ANN,LSTM,6.27585165188876,0.0,587,True
DIX+SKEW+PUTCALLRATIO,wavelet,ANN,GRU,0.6635890034935136,0.5069534778594971,587,False
DIX+SKEW+PUTCALLRATIO,wavelet,ANN,CNN,-18.72236169693688,0.0,587,True
DIX+SKEW+PUTCALLRATIO,wavelet,ANN,CNN_LSTM,1.7080269030474315,0.08763134479522705,587,False
DIX+SKEW+PUTCALLRATIO,wavelet,RNN,LSTM,1.522585146018725,0.12786245346069336,587,False
DIX+SKEW+PUTCALLRATIO,wavelet,RNN,GRU,-7.874866688685408,0.0,587,True
DIX+SKEW+PUTCALLRATIO,wavelet,RNN,CNN,-21.728486927434172,0.0,587,True
DIX+SKEW+PUTCALLRATIO,wavelet,RNN,CNN_LSTM,-5.706957639509339,0.0,587,True
DIX+SKEW+PUTCALLRATIO,wavelet,LSTM,GRU,-23.589259026879212,0.0,587,True
DIX+SKEW+PUTCALLRATIO,wavelet,LSTM,CNN,-20.145413769044662,0.0,587,True
DIX+SKEW+PUTCALLRATIO,wavelet,LSTM,CNN_LSTM,-13.072769777131226,0.0,587,True
DIX+SKEW+PUTCALLRATIO,wavelet,GRU,CNN,-17.633901804357578,0.0,587,True
DIX+SKEW+PUTCALLRATIO,wavelet,GRU,CNN_LSTM,2.5804754286305203,0.00986635684967041,587,True
DIX+SKEW+PUTCALLRATIO,wavelet,CNN,CNN_LSTM,18.056111045775467,0.0,587,True
GEX,hurst,ARIMA,GARCH,-21.061982598667147,0.0,599,True
GEX,hurst,ARIMA,ANN,-52.19301244342238,0.0,597,True
GEX,hurst,ARIMA,RNN,-51.981216766159626,0.0,597,True
GEX,hurst,ARIMA,LSTM,-52.10856804113128,0.0,597,True
GEX,hurst,ARIMA,GRU,-52.034602658453565,0.0,597,True
GEX,hurst,ARIMA,CNN,-52.23613692824853,0.0,597,True
GEX,hurst,ARIMA,CNN_LSTM,-52.19969515024239,0.0,597,True
GEX,hurst,GARCH,ANN,-82.87834443897977,0.0,597,True
GEX,hurst,GARCH,RNN,-82.52016072754265,0.0,597,True
GEX,hurst,GARCH,LSTM,-82.59838762810533,0.0,597,True
GEX,hurst,GARCH,GRU,-82.48839518654465,0.0,597,True
GEX,hurst,GARCH,CNN,-83.04679868256416,0.0,597,True
GEX,hurst,GARCH,CNN_LSTM,-82.98782757410416,0.0,597,True
GEX,hurst,ANN,RNN,-1.7311147715620507,0.08343136310577393,597,False
GEX,hurst,ANN,LSTM,-0.6242226893976119,0.5324814319610596,597,False
GEX,hurst,ANN,GRU,2.3760287355581533,0.01750016212463379,597,True
GEX,hurst,ANN,CNN,1.567727503645962,0.11694467067718506,597,False
GEX,hurst,ANN,CNN_LSTM,2.8055267447907495,0.005023479461669922,597,True
GEX,hurst,RNN,LSTM,1.4134398746926353,0.15752649307250977,597,False
GEX,hurst,RNN,GRU,5.256870457432778,1.1920928955078125e-07,597,True
GEX,hurst,RNN,CNN,2.5459973567143352,0.010896682739257812,597,True
GEX,hurst,RNN,CNN_LSTM,3.2841237273201815,0.0010230541229248047,597,True
GEX,hurst,LSTM,GRU,5.479261397450999,0.0,597,True
GEX,hurst,LSTM,CNN,1.797030353745004,0.07233071327209473,597,False
GEX,hurst,LSTM,CNN_LSTM,2.2832830649115596,0.02241373062133789,597,True
GEX,hurst,GRU,CNN,-1.62275511947598,0.10464179515838623,597,False
GEX,hurst,GRU,CNN_LSTM,-0.6577475907062036,0.5107003450393677,597,False
GEX,hurst,CNN,CNN_LSTM,1.7426501456486823,0.08139479160308838,597,False
GEX,none,ARIMA,GARCH,-18.603575912674465,0.0,619,True
GEX,none,ARIMA,ANN,-44.57079901375178,0.0,617,True
GEX,none,ARIMA,RNN,-44.337994642340355,0.0,617,True
GEX,none,ARIMA,LSTM,-44.4599780610942,0.0,617,True
GEX,none,ARIMA,GRU,-44.373745134248836,0.0,617,True
GEX,none,ARIMA,CNN,-44.67920703366561,0.0,617,True
GEX,none,ARIMA,CNN_LSTM,-44.72344933315735,0.0,617,True
GEX,none,GARCH,ANN,-75.0408275711768,0.0,617,True
GEX,none,GARCH,RNN,-74.49538564911221,0.0,617,True
GEX,none,GARCH,LSTM,-74.59302267770977,0.0,617,True
GEX,none,GARCH,GRU,-74.35123677613025,0.0,617,True
GEX,none,GARCH,CNN,-75.3365662052542,0.0,617,True
GEX,none,GARCH,CNN_LSTM,-75.49398853214339,0.0,617,True
GEX,none,ANN,RNN,-8.42862574550527,0.0,617,True
GEX,none,ANN,LSTM,-7.53615012913755,0.0,617,True
GEX,none,ANN,GRU,-6.853224319894052,0.0,617,True
GEX,none,ANN,CNN,-0.31106427889370436,0.7557517290115356,617,False
GEX,none,ANN,CNN_LSTM,-0.07940988029140673,0.9367066621780396,617,False
GEX,none,RNN,LSTM,2.7144398842889723,0.006638765335083008,617,True
GEX,none,RNN,GRU,0.8669825001109205,0.38595151901245117,617,False
GEX,none,RNN,CNN,6.84777864662217,0.0,617,True
GEX,none,RNN,CNN_LSTM,6.597316308162087,0.0,617,True
GEX,none,LSTM,GRU,-3.3224901970548917,0.0008920431137084961,617,True
GEX,none,LSTM,CNN,6.175214927428896,0.0,617,True
GEX,none,LSTM,CNN_LSTM,5.504486297138002,0.0,617,True
GEX,none,GRU,CNN,5.563398702505843,0.0,617,True
GEX,none,GRU,CNN_LSTM,5.239388399055273,2.384185791015625e-07,617,True
GEX,none,CNN,CNN_LSTM,0.5359648988743371,0.5919828414916992,617,False
GEX,wavelet,ARIMA,GARCH,-20.58745105862044,0.0,589,True
GEX,wavelet,ARIMA,ANN,-52.64980302164735,0.0,587,True
GEX,wavelet,ARIMA,RNN,-52.868133302360285,0.0,587,True
GEX,wavelet,ARIMA,LSTM,-52.94682330704839,0.0,587,True
GEX,wavelet,ARIMA,GRU,-52.8438461725883,0.0,587,True
GEX,wavelet,ARIMA,CNN,-52.63420944498259,0.0,587,True
GEX,wavelet,ARIMA,CNN_LSTM,-52.983945974499484,0.0,587,True
GEX,wavelet,GARCH,ANN,-83.9811490892667,0.0,587,True
GEX,wavelet,GARCH,RNN,-84.10639485221087,0.0,587,True
GEX,wavelet,GARCH,LSTM,-84.21095476739855,0.0,587,True
GEX,wavelet,GARCH,GRU,-84.04368050775793,0.0,587,True
GEX,wavelet,GARCH,CNN,-83.93070968303756,0.0,587,True
GEX,wavelet,GARCH,CNN_LSTM,-84.28092967636046,0.0,587,True
GEX,wavelet,ANN,RNN,16.327285381367975,0.0,587,True
GEX,wavelet,ANN,LSTM,17.364218678855273,0.0,587,True
GEX,wavelet,ANN,GRU,14.934005571713973,0.0,587,True
GEX,wavelet,ANN,CNN,3.6943028581699,0.00022041797637939453,587,True
GEX,wavelet,ANN,CNN_LSTM,16.935347252870777,0.0,587,True
GEX,wavelet,RNN,LSTM,11.380096792660273,0.0,587,True
GEX,wavelet,RNN,GRU,1.1762821268267651,0.23948204517364502,587,False
GEX,wavelet,RNN,CNN,-30.424555279135785,0.0,587,True
GEX,wavelet,RNN,CNN_LSTM,10.08651045212365,0.0,587,True
GEX,wavelet,LSTM,GRU,-21.69837802200935,0.0,587,True
GEX,wavelet,LSTM,CNN,-34.547436968606405,0.0,587,True
GEX,wavelet,LSTM,CNN_LSTM,0.8995749232774163,0.3683464527130127,587,False
GEX,wavelet,GRU,CNN,-30.47763113503091,0.0,587,True
GEX,wavelet,GRU,CNN_LSTM,21.742081528175056,0.0,587,True
GEX,wavelet,CNN,CNN_LSTM,34.94916550727439,0.0,587,True
GEX+PUTCALLRATIO,hurst,ARIMA,GARCH,-21.061982598667147,0.0,599,True
GEX+PUTCALLRATIO,hurst,ARIMA,ANN,-52.25682096005924,0.0,597,True
GEX+PUTCALLRATIO,hurst,ARIMA,RNN,-51.778204363118924,0.0,597,True
GEX+PUTCALLRATIO,hurst,ARIMA,LSTM,-51.96093343413708,0.0,597,True
GEX+PUTCALLRATIO,hurst,ARIMA,GRU,-52.047913402766646,0.0,597,True
GEX+PUTCALLRATIO,hurst,ARIMA,CNN,-52.16579729227775,0.0,597,True
GEX+PUTCALLRATIO,hurst,ARIMA,CNN_LSTM,-51.99475944216631,0.0,597,True
GEX+PUTCALLRATIO,hurst,GARCH,ANN,-83.09061864475154,0.0,597,True
GEX+PUTCALLRATIO,hurst,GARCH,RNN,-82.26774129587415,0.0,597,True
GEX+PUTCALLRATIO,hurst,GARCH,LSTM,-82.41683641424493,0.0,597,True
GEX+PUTCALLRATIO,hurst,GARCH,GRU,-82.56668862344043,0.0,597,True
GEX+PUTCALLRATIO,hurst,GARCH,CNN,-82.87043293388933,0.0,597,True
GEX+PUTCALLRATIO,hurst,GARCH,CNN_LSTM,-82.33483375036799,0.0,597,True
GEX+PUTCALLRATIO,hurst,ANN,RNN,-12.615236600477274,0.0,597,True
GEX+PUTCALLRATIO,hurst,ANN,LSTM,0.014292074649777177,0.9885969161987305,597,False
GEX+PUTCALLRATIO,hurst,ANN,GRU,3.6755676796061256,0.00023746490478515625,597,True
GEX+PUTCALLRATIO,hurst,ANN,CNN,2.000621642880575,0.04543328285217285,597,True
GEX+PUTCALLRATIO,hurst,ANN,CNN_LSTM,0.5419655015082429,0.5878422260284424,597,False
GEX+PUTCALLRATIO,hurst,RNN,LSTM,19.638201231670283,0.0,597,True
GEX+PUTCALLRATIO,hurst,RNN,GRU,19.093094933786873,0.0,597,True
GEX+PUTCALLRATIO,hurst,RNN,CNN,15.186487734106862,0.0,597,True
GEX+PUTCALLRATIO,hurst,RNN,CNN_LSTM,15.615375269099278,0.0,597,True
GEX+PUTCALLRATIO,hurst,LSTM,GRU,8.31639049166869,0.0,597,True
GEX+PUTCALLRATIO,hurst,LSTM,CNN,1.7136698043503014,0.08658945560455322,597,False
GEX+PUTCALLRATIO,hurst,LSTM,CNN_LSTM,1.062749933578818,0.28789544105529785,597,False
GEX+PUTCALLRATIO,hurst,GRU,CNN,-4.120943228127707,3.7789344787597656e-05,597,True
GEX+PUTCALLRATIO,hurst,GRU,CNN_LSTM,-10.289194702907546,0.0,597,True
GEX+PUTCALLRATIO,hurst,CNN,CNN_LSTM,-1.3021860366748284,0.19285273551940918,597,False
GEX+PUTCALLRATIO,none,ARIMA,GARCH,-18.603575912674465,0.0,619,True
GEX+PUTCALLRATIO,none,ARIMA,ANN,-44.61466919935003,0.0,617,True
GEX+PUTCALLRATIO,none,ARIMA,RNN,-44.33882246778842,0.0,617,True
GEX+PUTCALLRATIO,none,ARIMA,LSTM,-44.400662050240925,0.0,617,True
GEX+PUTCALLRATIO,none,ARIMA,GRU,-44.44399137512135,0.0,617,True
GEX+PUTCALLRATIO,none,ARIMA,CNN,-44.50783862945991,0.0,617,True
GEX+PUTCALLRATIO,none,ARIMA,CNN_LSTM,-44.516667446712255,0.0,617,True
GEX+PUTCALLRATIO,none,GARCH,ANN,-75.0699914113598,0.0,617,True
GEX+PUTCALLRATIO,none,GARCH,RNN,-74.47423777148191,0.0,617,True
GEX+PUTCALLRATIO,none,GARCH,LSTM,-74.46783630318188,0.0,617,True
GEX+PUTCALLRATIO,none,GARCH,GRU,-74.50030491974934,0.0,617,True
GEX+PUTCALLRATIO,none,GARCH,CNN,-74.81744761921166,0.0,617,True
GEX+PUTCALLRATIO,none,GARCH,CNN_LSTM,-74.89063984111387,0.0,617,True
GEX+PUTCALLRATIO,none,ANN,RNN,-2.118205940165815,0.034157633781433105,617,True
GEX+PUTCALLRATIO,none,ANN,LSTM,1.5268607862244128,0.12679564952850342,617,False
GEX+PUTCALLRATIO,none,ANN,GRU,-1.7713543494867305,0.07650184631347656,617,False
GEX+PUTCALLRATIO,none,ANN,CNN,2.1792763918956486,0.029311180114746094,617,True
GEX+PUTCALLRATIO,none,ANN,CNN_LSTM,3.2050040779150444,0.0013505220413208008,617,True
GEX+PUTCALLRATIO,none,RNN,LSTM,4.927738314785008,7.152557373046875e-07,617,True
GEX+PUTCALLRATIO,none,RNN,GRU,0.9245608508885018,0.3551943302154541,617,False
GEX+PUTCALLRATIO,none,RNN,CNN,4.114511747670876,3.8743019104003906e-05,617,True
GEX+PUTCALLRATIO,none,RNN,CNN_LSTM,5.5066073076845905,0.0,617,True
GEX+PUTCALLRATIO,none,LSTM,GRU,-6.755903593547029,0.0,617,True
GEX+PUTCALLRATIO,none,LSTM,CNN,-0.16258859621122765,0.8708423376083374,617,False
GEX+PUTCALLRATIO,none,LSTM,CNN_LSTM,1.1243375820280213,0.2608698606491089,617,False
GEX+PUTCALLRATIO,none,GRU,CNN,3.9879226617260892,6.663799285888672e-05,617,True
GEX+PUTCALLRATIO,none,GRU,CNN_LSTM,4.512054440293698,6.4373016357421875e-06,617,True
GEX+PUTCALLRATIO,none,CNN,CNN_LSTM,2.207435634022195,0.027283668518066406,617,True
GEX+PUTCALLRATIO,wavelet,ARIMA,GARCH,-20.58745105862044,0.0,589,True
GEX+PUTCALLRATIO,wavelet,ARIMA,ANN,-53.020750827169074,0.0,587,True
GEX+PUTCALLRATIO,wavelet,ARIMA,RNN,-52.99005221600897,0.0,587,True
GEX+PUTCALLRATIO,wavelet,ARIMA,LSTM,-52.911621025393046,0.0,587,True
GEX+PUTCALLRATIO,wavelet,ARIMA,GRU,-52.836319894380644,0.0,587,True
GEX+PUTCALLRATIO,wavelet,ARIMA,CNN,-52.847311479857474,0.0,587,True
GEX+PUTCALLRATIO,wavelet,ARIMA,CNN_LSTM,-52.80020888222343,0.0,587,True
GEX+PUTCALLRATIO,wavelet,GARCH,ANN,-84.66272642870608,0.0,587,True
GEX+PUTCALLRATIO,wavelet,GARCH,RNN,-84.72191286891062,0.0,587,True
GEX+PUTCALLRATIO,wavelet,GARCH,LSTM,-84.4827319343446,0.0,587,True
GEX+PUTCALLRATIO,wavelet,GARCH,GRU,-84.09369495613193,0.0,587,True
GEX+PUTCALLRATIO,wavelet,GARCH,CNN,-84.88241682582252,0.0,587,True
GEX+PUTCALLRATIO,wavelet,GARCH,CNN_LSTM,-83.92573714726812,0.0,587,True
GEX+PUTCALLRATIO,wavelet,ANN,RNN,-7.923169466371548,0.0,587,True
GEX+PUTCALLRATIO,wavelet,ANN,LSTM,-7.291773679371554,0.0,587,True
GEX+PUTCALLRATIO,wavelet,ANN,GRU,1.170226149596819,0.24190998077392578,587,False
GEX+PUTCALLRATIO,wavelet,ANN,CNN,-32.79933278503611,0.0,587,True
GEX+PUTCALLRATIO,wavelet,ANN,CNN_LSTM,3.9880583072418907,6.651878356933594e-05,587,True
GEX+PUTCALLRATIO,wavelet,RNN,LSTM,-1.0975437074086054,0.2724039554595947,587,False
GEX+PUTCALLRATIO,wavelet,RNN,GRU,13.678083340100459,0.0,587,True
GEX+PUTCALLRATIO,wavelet,RNN,CNN,-27.101735305146196,0.0,587,True
GEX+PUTCALLRATIO,wavelet,RNN,CNN_LSTM,15.71946094910696,0.0,587,True
GEX+PUTCALLRATIO,wavelet,LSTM,GRU,16.34220105061103,0.0,587,True
GEX+PUTCALLRATIO,wavelet,LSTM,CNN,-26.026467139256933,0.0,587,True
GEX+PUTCALLRATIO,wavelet,LSTM,CNN_LSTM,18.730085721630186,0.0,587,True
GEX+PUTCALLRATIO,wavelet,GRU,CNN,-26.45574518305386,0.0,587,True
GEX+PUTCALLRATIO,wavelet,GRU,CNN_LSTM,15.078664460371645,0.0,587,True
GEX+PUTCALLRATIO,wavelet,CNN,CNN_LSTM,26.54920268495276,0.0,587,True
GEX+SKEW,hurst,ARIMA,GARCH,-21.061982598667147,0.0,599,True
GEX+SKEW,hurst,ARIMA,ANN,-52.2079320197707,0.0,597,True
GEX+SKEW,hurst,ARIMA,RNN,-52.021079786961515,0.0,597,True
GEX+SKEW,hurst,ARIMA,LSTM,-52.089329800111344,0.0,597,True
GEX+SKEW,hurst,ARIMA,GRU,-52.111635411533456,0.0,597,True
GEX+SKEW,hurst,ARIMA,CNN,-52.26614727493128,0.0,597,True
GEX+SKEW,hurst,ARIMA,CNN_LSTM,-51.973143637363656,0.0,597,True
GEX+SKEW,hurst,GARCH,ANN,-83.11179339023896,0.0,597,True
GEX+SKEW,hurst,GARCH,RNN,-82.55673659530191,0.0,597,True
GEX+SKEW,hurst,GARCH,LSTM,-82.62963032372868,0.0,597,True
GEX+SKEW,hurst,GARCH,GRU,-82.6727410263875,0.0,597,True
GEX+SKEW,hurst,GARCH,CNN,-83.19715727714102,0.0,597,True
GEX+SKEW,hurst,GARCH,CNN_LSTM,-82.30931622843498,0.0,597,True
GEX+SKEW,hurst,ANN,RNN,3.5605990922571027,0.000370025634765625,597,True
GEX+SKEW,hurst,ANN,LSTM,4.763932927810821,1.6689300537109375e-06,597,True
GEX+SKEW,hurst,ANN,GRU,4.4350275374109,9.298324584960938e-06,597,True
GEX+SKEW,hurst,ANN,CNN,-4.4292851402729925,9.417533874511719e-06,597,True
GEX+SKEW,hurst,ANN,CNN_LSTM,2.6824469236361113,0.007308602333068848,597,True
GEX+SKEW,hurst,RNN,LSTM,3.4327460221536166,0.0005974769592285156,597,True
GEX+SKEW,hurst,RNN,GRU,2.1406429264491997,0.0323028564453125,597,True
GEX+SKEW,hurst,RNN,CNN,-4.8872848038010686,9.5367431640625e-07,597,True
GEX+SKEW,hurst,RNN,CNN_LSTM,-2.269273663805727,0.023251771926879883,597,True
GEX+SKEW,hurst,LSTM,GRU,-1.1032456402665787,0.26992058753967285,597,False
GEX+SKEW,hurst,LSTM,CNN,-6.076779926398224,0.0,597,True
GEX+SKEW,hurst,LSTM,CNN_LSTM,-10.542245762333708,0.0,597,True
GEX+SKEW,hurst,GRU,CNN,-5.886494153132481,0.0,597,True
GEX+SKEW,hurst,GRU,CNN_LSTM,-5.440334241681001,0.0,597,True
GEX+SKEW,hurst,CNN,CNN_LSTM,4.071920297297705,4.673004150390625e-05,597,True
GEX+SKEW,none,ARIMA,GARCH,-18.603575912674465,0.0,619,True
GEX+SKEW,none,ARIMA,ANN,-44.60967355793788,0.0,617,True
GEX+SKEW,none,ARIMA,RNN,-44.35634774430948,0.0,617,True
GEX+SKEW,none,ARIMA,LSTM,-44.42634952880994,0.0,617,True
GEX+SKEW,none,ARIMA,GRU,-44.46745028538458,0.0,617,True
GEX+SKEW,none,ARIMA,CNN,-44.660966430936256,0.0,617,True
GEX+SKEW,none,ARIMA,CNN_LSTM,-44.810484271112955,0.0,617,True
GEX+SKEW,none,GARCH,ANN,-75.08018771248467,0.0,617,True
GEX+SKEW,none,GARCH,RNN,-74.4978343697124,0.0,617,True
GEX+SKEW,none,GARCH,LSTM,-74.5266228674214,0.0,617,True
GEX+SKEW,none,GARCH,GRU,-74.69338632103165,0.0,617,True
GEX+SKEW,none,GARCH,CNN,-75.4559102801965,0.0,617,True
GEX+SKEW,none,GARCH,CNN_LSTM,-75.65978246655472,0.0,617,True
GEX+SKEW,none,ANN,RNN,-7.5164537410477354,0.0,617,True
GEX+SKEW,none,ANN,LSTM,-3.99848327912157,6.365776062011719e-05,617,True
GEX+SKEW,none,ANN,GRU,-1.26742326696374,0.20500397682189941,617,False
GEX+SKEW,none,ANN,CNN,3.1306398593153637,0.0017445087432861328,617,True
GEX+SKEW,none,ANN,CNN_LSTM,-4.194738598700541,2.7298927307128906e-05,617,True
GEX+SKEW,none,RNN,LSTM,5.137348507234354,2.384185791015625e-07,617,True
GEX+SKEW,none,RNN,GRU,8.58568532109291,0.0,617,True
GEX+SKEW,none,RNN,CNN,13.517486373575654,0.0,617,True
GEX+SKEW,none,RNN,CNN_LSTM,3.108952632513245,0.0018773078918457031,617,True
GEX+SKEW,none,LSTM,GRU,5.705538153801183,0.0,617,True
GEX+SKEW,none,LSTM,CNN,5.573525869434079,0.0,617,True
GEX+SKEW,none,LSTM,CNN_LSTM,-0.8255372493638894,0.40906667709350586,617,False
GEX+SKEW,none,GRU,CNN,4.460550160326056,8.106231689453125e-06,617,True
GEX+SKEW,none,GRU,CNN_LSTM,-2.93283413149325,0.0033588409423828125,617,True
GEX+SKEW,none,CNN,CNN_LSTM,-5.651607119276276,0.0,617,True
GEX+SKEW,wavelet,ARIMA,GARCH,-20.58745105862044,0.0,589,True
GEX+SKEW,wavelet,ARIMA,ANN,-52.91910410017098,0.0,587,True
GEX+SKEW,wavelet,ARIMA,RNN,-52.85947031530413,0.0,587,True
GEX+SKEW,wavelet,ARIMA,LSTM,-52.81345534191134,0.0,587,True
GEX+SKEW,wavelet,ARIMA,GRU,-52.845123609095864,0.0,587,True
GEX+SKEW,wavelet,ARIMA,CNN,-52.960875570142285,0.0,587,True
GEX+SKEW,wavelet,ARIMA,CNN_LSTM,-52.76499553567117,0.0,587,True
GEX+SKEW,wavelet,GARCH,ANN,-84.48911656732787,0.0,587,True
GEX+SKEW,wavelet,GARCH,RNN,-84.46394271831309,0.0,587,True
GEX+SKEW,wavelet,GARCH,LSTM,-84.02255934253573,0.0,587,True
GEX+SKEW,wavelet,GARCH,GRU,-84.09728352553405,0.0,587,True
GEX+SKEW,wavelet,GARCH,CNN,-84.45260050786702,0.0,587,True
GEX+SKEW,wavelet,GARCH,CNN_LSTM,-84.07269198604172,0.0,587,True
GEX+SKEW,wavelet,ANN,RNN,-12.729876898878024,0.0,587,True
GEX+SKEW,wavelet,ANN,LSTM,14.101949341370037,0.0,587,True
GEX+SKEW,wavelet,ANN,GRU,15.990236278420113,0.0,587,True
GEX+SKEW,wavelet,ANN,CNN,18.251292654720633,0.0,587,True
GEX+SKEW,wavelet,ANN,CNN_LSTM,-5.196579583643369,2.384185791015625e-07,587,True
GEX+SKEW,wavelet,RNN,LSTM,26.149038592691745,0.0,587,True
GEX+SKEW,wavelet,RNN,GRU,25.165559534012978,0.0,587,True
GEX+SKEW,wavelet,RNN,CNN,26.836879138271033,0.0,587,True
GEX+SKEW,wavelet,RNN,CNN_LSTM,10.440653435329391,0.0,587,True
GEX+SKEW,wavelet,LSTM,GRU,6.663955074788811,0.0,587,True
GEX+SKEW,wavelet,LSTM,CNN,-2.4377402604929563,0.014779448509216309,587,True
GEX+SKEW,wavelet,LSTM,CNN_LSTM,-27.68127719972286,0.0,587,True
GEX+SKEW,wavelet,GRU,CNN,-5.19721348980533,3.5762786865234375e-07,587,True
GEX+SKEW,wavelet,GRU,CNN_LSTM,-24.722575568253365,0.0,587,True
GEX+SKEW,wavelet,CNN,CNN_LSTM,-32.72233749541337,0.0,587,True
GEX+SKEW+PUTCALLRATIO,hurst,ARIMA,GARCH,-21.061982598667147,0.0,599,True
GEX+SKEW+PUTCALLRATIO,hurst,ARIMA,ANN,-52.17113015514958,0.0,597,True
GEX+SKEW+PUTCALLRATIO,hurst,ARIMA,RNN,-52.10012334301405,0.0,597,True
GEX+SKEW+PUTCALLRATIO,hurst,ARIMA,LSTM,-52.011761980105156,0.0,597,True
GEX+SKEW+PUTCALLRATIO,hurst,ARIMA,GRU,-52.055547445778224,0.0,597,True
GEX+SKEW+PUTCALLRATIO,hurst,ARIMA,CNN,-52.20193623041043,0.0,597,True
GEX+SKEW+PUTCALLRATIO,hurst,ARIMA,CNN_LSTM,-52.20596997668292,0.0,597,True
GEX+SKEW+PUTCALLRATIO,hurst,GARCH,ANN,-82.92915018243912,0.0,597,True
GEX+SKEW+PUTCALLRATIO,hurst,GARCH,RNN,-82.73597310676384,0.0,597,True
GEX+SKEW+PUTCALLRATIO,hurst,GARCH,LSTM,-82.50290831669658,0.0,597,True
GEX+SKEW+PUTCALLRATIO,hurst,GARCH,GRU,-82.62504371538625,0.0,597,True
GEX+SKEW+PUTCALLRATIO,hurst,GARCH,CNN,-83.01566206822184,0.0,597,True
GEX+SKEW+PUTCALLRATIO,hurst,GARCH,CNN_LSTM,-83.09560504378294,0.0,597,True
GEX+SKEW+PUTCALLRATIO,hurst,ANN,RNN,4.207419322668836,2.574920654296875e-05,597,True
GEX+SKEW+PUTCALLRATIO,hurst,ANN,LSTM,4.068045763005363,4.744529724121094e-05,597,True
GEX+SKEW+PUTCALLRATIO,hurst,ANN,GRU,3.8395410510746717,0.0001232624053955078,597,True
GEX+SKEW+PUTCALLRATIO,hurst,ANN,CNN,-8.59724660749547,0.0,597,True
GEX+SKEW+PUTCALLRATIO,hurst,ANN,CNN_LSTM,3.100342798385017,0.0019328594207763672,597,True
GEX+SKEW+PUTCALLRATIO,hurst,RNN,LSTM,-0.3652387683714402,0.7149331569671631,597,False
GEX+SKEW+PUTCALLRATIO,hurst,RNN,GRU,-0.06724478993151142,0.9463868141174316,597,False
GEX+SKEW+PUTCALLRATIO,hurst,RNN,CNN,-6.766021178597488,0.0,597,True
GEX+SKEW+PUTCALLRATIO,hurst,RNN,CNN_LSTM,-3.392832573523609,0.0006916522979736328,597,True
GEX+SKEW+PUTCALLRATIO,hurst,LSTM,GRU,0.3223728754734531,0.7471702098846436,597,False
GEX+SKEW+PUTCALLRATIO,hurst,LSTM,CNN,-6.607198721836162,0.0,597,True
GEX+SKEW+PUTCALLRATIO,hurst,LSTM,CNN_LSTM,-3.2604348153117835,0.0011124610900878906,597,True
GEX+SKEW+PUTCALLRATIO,hurst,GRU,CNN,-6.262043360781121,0.0,597,True
GEX+SKEW+PUTCALLRATIO,hurst,GRU,CNN_LSTM,-3.0566922615538386,0.002238035202026367,597,True
GEX+SKEW+PUTCALLRATIO,hurst,CNN,CNN_LSTM,8.955342127879605,0.0,597,True
GEX+SKEW+PUTCALLRATIO,none,ARIMA,GARCH,-18.603575912674465,0.0,619,True
GEX+SKEW+PUTCALLRATIO,none,ARIMA,ANN,-44.52150306971839,0.0,617,True
GEX+SKEW+PUTCALLRATIO,none,ARIMA,RNN,-44.39696592312719,0.0,617,True
GEX+SKEW+PUTCALLRATIO,none,ARIMA,LSTM,-44.44283697820135,0.0,617,True
GEX+SKEW+PUTCALLRATIO,none,ARIMA,GRU,-44.42269344392858,0.0,617,True
GEX+SKEW+PUTCALLRATIO,none,ARIMA,CNN,-44.56341811243695,0.0,617,True
GEX+SKEW+PUTCALLRATIO,none,ARIMA,CNN_LSTM,-44.54835656572534,0.0,617,True
GEX+SKEW+PUTCALLRATIO,none,GARCH,ANN,-74.89892748674406,0.0,617,True
GEX+SKEW+PUTCALLRATIO,none,GARCH,RNN,-74.55590101308586,0.0,617,True
GEX+SKEW+PUTCALLRATIO,none,GARCH,LSTM,-74.54696299197454,0.0,617,True
GEX+SKEW+PUTCALLRATIO,none,GARCH,GRU,-74.51377428301294,0.0,617,True
GEX+SKEW+PUTCALLRATIO,none,GARCH,CNN,-74.9974389901761,0.0,617,True
GEX+SKEW+PUTCALLRATIO,none,GARCH,CNN_LSTM,-75.00925021606724,0.0,617,True
GEX+SKEW+PUTCALLRATIO,none,ANN,RNN,-0.5689724560562577,0.5693747997283936,617,False
GEX+SKEW+PUTCALLRATIO,none,ANN,LSTM,-1.145866309551385,0.2518503665924072,617,False
GEX+SKEW+PUTCALLRATIO,none,ANN,GRU,-0.40404453222744036,0.6861798763275146,617,False
GEX+SKEW+PUTCALLRATIO,none,ANN,CNN,0.05540998192262919,0.9558118581771851,617,False
GEX+SKEW+PUTCALLRATIO,none,ANN,CNN_LSTM,-2.7420444076186934,0.006105899810791016,617,True
GEX+SKEW+PUTCALLRATIO,none,RNN,LSTM,-0.6899575523665692,0.49022090435028076,617,False
GEX+SKEW+PUTCALLRATIO,none,RNN,GRU,0.18315909163294497,0.8546731472015381,617,False
GEX+SKEW+PUTCALLRATIO,none,RNN,CNN,0.5764761328611799,0.564293384552002,617,False
GEX+SKEW+PUTCALLRATIO,none,RNN,CNN_LSTM,-1.397790342788457,0.16217613220214844,617,False
GEX+SKEW+PUTCALLRATIO,none,LSTM,GRU,3.7239589598666933,0.00019609928131103516,617,True
GEX+SKEW+PUTCALLRATIO,none,LSTM,CNN,1.1595055106779117,0.24625015258789062,617,False
GEX+SKEW+PUTCALLRATIO,none,LSTM,CNN_LSTM,-0.8383638175421992,0.4018263816833496,617,False
GEX+SKEW+PUTCALLRATIO,none,GRU,CNN,0.4326154422253522,0.6652941703796387,617,False
GEX+SKEW+PUTCALLRATIO,none,GRU,CNN_LSTM,-1.4587653248876014,0.14462971687316895,617,False
GEX+SKEW+PUTCALLRATIO,none,CNN,CNN_LSTM,-2.7100205143799223,0.006727933883666992,617,True
GEX+SKEW+PUTCALLRATIO,wavelet,ARIMA,GARCH,-20.58745105862044,0.0,589,True
GEX+SKEW+PUTCALLRATIO,wavelet,ARIMA,ANN,-53.12205207410301,0.0,587,True
GEX+SKEW+PUTCALLRATIO,wavelet,ARIMA,RNN,-52.93453081705757,0.0,587,True
GEX+SKEW+PUTCALLRATIO,wavelet,ARIMA,LSTM,-52.97949542107571,0.0,587,True
GEX+SKEW+PUTCALLRATIO,wavelet,ARIMA,GRU,-52.942312791025984,0.0,587,True
GEX+SKEW+PUTCALLRATIO,wavelet,ARIMA,CNN,-52.91197813915714,0.0,587,True
GEX+SKEW+PUTCALLRATIO,wavelet,ARIMA,CNN_LSTM,-52.71098488418836,0.0,587,True
GEX+SKEW+PUTCALLRATIO,wavelet,GARCH,ANN,-84.87886059257914,0.0,587,True
GEX+SKEW+PUTCALLRATIO,wavelet,GARCH,RNN,-84.29057450380424,0.0,587,True
GEX+SKEW+PUTCALLRATIO,wavelet,GARCH,LSTM,-84.4399808450405,0.0,587,True
GEX+SKEW+PUTCALLRATIO,wavelet,GARCH,GRU,-84.35590526626231,0.0,587,True
GEX+SKEW+PUTCALLRATIO,wavelet,GARCH,CNN,-84.36220946142974,0.0,587,True
GEX+SKEW+PUTCALLRATIO,wavelet,GARCH,CNN_LSTM,-83.69139275995958,0.0,587,True
GEX+SKEW+PUTCALLRATIO,wavelet,ANN,RNN,2.6173518458789116,0.008861422538757324,587,True
GEX+SKEW+PUTCALLRATIO,wavelet,ANN,LSTM,-0.3208278663146467,0.7483408451080322,587,False
GEX+SKEW+PUTCALLRATIO,wavelet,ANN,GRU,1.3044882135974423,0.19206714630126953,587,False
GEX+SKEW+PUTCALLRATIO,wavelet,ANN,CNN,-8.005344573120352,0.0,587,True
GEX+SKEW+PUTCALLRATIO,wavelet,ANN,CNN_LSTM,-3.037490827984268,0.0023856163024902344,587,True
GEX+SKEW+PUTCALLRATIO,wavelet,RNN,LSTM,-5.125308641647863,2.384185791015625e-07,587,True
GEX+SKEW+PUTCALLRATIO,wavelet,RNN,GRU,-3.366356446955869,0.000761866569519043,587,True
GEX+SKEW+PUTCALLRATIO,wavelet,RNN,CNN,-13.228315504185316,0.0,587,True
GEX+SKEW+PUTCALLRATIO,wavelet,RNN,CNN_LSTM,-11.471864415110176,0.0,587,True
GEX+SKEW+PUTCALLRATIO,wavelet,LSTM,GRU,2.426718455936893,0.015236139297485352,587,True
GEX+SKEW+PUTCALLRATIO,wavelet,LSTM,CNN,-11.391256096482078,0.0,587,True
GEX+SKEW+PUTCALLRATIO,wavelet,LSTM,CNN_LSTM,-4.336469099197733,1.4543533325195312e-05,587,True
GEX+SKEW+PUTCALLRATIO,wavelet,GRU,CNN,-11.564455217998656,0.0,587,True
GEX+SKEW+PUTCALLRATIO,wavelet,GRU,CNN_LSTM,-6.897715242052143,0.0,587,True
GEX+SKEW+PUTCALLRATIO,wavelet,CNN,CNN_LSTM,3.8367561655483198,0.0001245737075805664,587,True
PUTCALLRATIO,hurst,ARIMA,GARCH,-21.061982598667147,0.0,599,True
PUTCALLRATIO,hurst,ARIMA,ANN,-52.112889846214905,0.0,597,True
PUTCALLRATIO,hurst,ARIMA,RNN,-52.09833125909355,0.0,597,True
PUTCALLRATIO,hurst,ARIMA,LSTM,-52.01859462366982,0.0,597,True
PUTCALLRATIO,hurst,ARIMA,GRU,-51.96692758637809,0.0,597,True
PUTCALLRATIO,hurst,ARIMA,CNN,-52.056328532859574,0.0,597,True
PUTCALLRATIO,hurst,ARIMA,CNN_LSTM,-51.95762205870531,0.0,597,True
PUTCALLRATIO,hurst,GARCH,ANN,-82.54005500156751,0.0,597,True
PUTCALLRATIO,hurst,GARCH,RNN,-82.63417137735405,0.0,597,True
PUTCALLRATIO,hurst,GARCH,LSTM,-82.4744770345752,0.0,597,True
PUTCALLRATIO,hurst,GARCH,GRU,-82.43689213785626,0.0,597,True
PUTCALLRATIO,hurst,GARCH,CNN,-82.53939301304729,0.0,597,True
PUTCALLRATIO,hurst,GARCH,CNN_LSTM,-82.38065156376086,0.0,597,True
PUTCALLRATIO,hurst,ANN,RNN,7.346546933378103,0.0,597,True
PUTCALLRATIO,hurst,ANN,LSTM,7.1995192797563705,0.0,597,True
PUTCALLRATIO,hurst,ANN,GRU,1.3817230176386663,0.16705679893493652,597,False
PUTCALLRATIO,hurst,ANN,CNN,1.251943170388489,0.21059060096740723,597,False
PUTCALLRATIO,hurst,ANN,CNN_LSTM,-0.9915210913155411,0.32143115997314453,597,False
PUTCALLRATIO,hurst,RNN,LSTM,2.340273104097853,0.019269704818725586,597,True
PUTCALLRATIO,hurst,RNN,GRU,-3.6728527146787386,0.00023984909057617188,597,True
PUTCALLRATIO,hurst,RNN,CNN,-6.14404007375015,0.0,597,True
PUTCALLRATIO,hurst,RNN,CNN_LSTM,-6.729370491253785,0.0,597,True
PUTCALLRATIO,hurst,LSTM,GRU,-6.389876132435392,0.0,597,True
PUTCALLRATIO,hurst,LSTM,CNN,-8.096513817735302,0.0,597,True
PUTCALLRATIO,hurst,LSTM,CNN_LSTM,-9.995123941933535,0.0,597,True
PUTCALLRATIO,hurst,GRU,CNN,-0.9522537689677208,0.3409682512283325,597,False
PUTCALLRATIO,hurst,GRU,CNN_LSTM,-7.702168617501763,0.0,597,True
PUTCALLRATIO,hurst,CNN,CNN_LSTM,-2.956914652253245,0.003107309341430664,597,True
PUTCALLRATIO,none,ARIMA,GARCH,-18.603575912674465,0.0,619,True
PUTCALLRATIO,none,ARIMA,ANN,-44.49100154744878,0.0,617,True
PUTCALLRATIO,none,ARIMA,RNN,-44.387559684796074,0.0,617,True
PUTCALLRATIO,none,ARIMA,LSTM,-44.35519932943803,0.0,617,True
PUTCALLRATIO,none,ARIMA,GRU,-44.35699739281572,0.0,617,True
PUTCALLRATIO,none,ARIMA,CNN,-44.46979685570353,0.0,617,True
PUTCALLRATIO,none,ARIMA,CNN_LSTM,-44.434457968413234,0.0,617,True
PUTCALLRATIO,none,GARCH,ANN,-74.71663994153677,0.0,617,True
PUTCALLRATIO,none,GARCH,RNN,-74.64034364327719,0.0,617,True
PUTCALLRATIO,none,GARCH,LSTM,-74.39237227985802,0.0,617,True
PUTCALLRATIO,none,GARCH,GRU,-74.34415618146603,0.0,617,True
PUTCALLRATIO,none,GARCH,CNN,-74.68198397625264,0.0,617,True
PUTCALLRATIO,none,GARCH,CNN_LSTM,-74.57539807082716,0.0,617,True
PUTCALLRATIO,none,ANN,RNN,-5.547175043773712,0.0,617,True
PUTCALLRATIO,none,ANN,LSTM,-1.3523030445739879,0.17627835273742676,617,False
PUTCALLRATIO,none,ANN,GRU,-2.3041173291283115,0.021216154098510742,617,True
PUTCALLRATIO,none,ANN,CNN,-0.8042483238339677,0.42125368118286133,617,False
PUTCALLRATIO,none,ANN,CNN_LSTM,-2.731903181536581,0.006296992301940918,617,True
PUTCALLRATIO,none,RNN,LSTM,6.051760050849313,0.0,617,True
PUTCALLRATIO,none,RNN,GRU,4.261934191818535,2.0384788513183594e-05,617,True
PUTCALLRATIO,none,RNN,CNN,5.199062499695778,1.1920928955078125e-07,617,True
PUTCALLRATIO,none,RNN,CNN_LSTM,4.605702004910662,4.172325134277344e-06,617,True
PUTCALLRATIO,none,LSTM,GRU,-2.070497668818538,0.038405656814575195,617,True
PUTCALLRATIO,none,LSTM,CNN,0.9340254524728872,0.35029077529907227,617,False
PUTCALLRATIO,none,LSTM,CNN_LSTM,-0.8038798869780676,0.4214663505554199,617,False
PUTCALLRATIO,none,GRU,CNN,1.9863877331737851,0.046990394592285156,617,True
PUTCALLRATIO,none,GRU,CNN_LSTM,0.5758699771383007,0.564703106880188,617,False
PUTCALLRATIO,none,CNN,CNN_LSTM,-3.4771654108741332,0.0005067586898803711,617,True
PUTCALLRATIO,wavelet,ARIMA,GARCH,-20.58745105862044,0.0,589,True
PUTCALLRATIO,wavelet,ARIMA,ANN,-53.0605818681208,0.0,587,True
PUTCALLRATIO,wavelet,ARIMA,RNN,-52.891931875298454,0.0,587,True
PUTCALLRATIO,wavelet,ARIMA,LSTM,-52.73204067212458,0.0,587,True
PUTCALLRATIO,wavelet,ARIMA,GRU,-52.82307198800616,0.0,587,True
PUTCALLRATIO,wavelet,ARIMA,CNN,-53.03577593372983,0.0,587,True
PUTCALLRATIO,wavelet,ARIMA,CNN_LSTM,-52.90842466044657,0.0,587,True
PUTCALLRATIO,wavelet,GARCH,ANN,-84.65429468311429,0.0,587,True
PUTCALLRATIO,wavelet,GARCH,RNN,-84.26597704009272,0.0,587,True
PUTCALLRATIO,wavelet,GARCH,LSTM,-83.88805081867882,0.0,587,True
PUTCALLRATIO,wavelet,GARCH,GRU,-84.25333956639919,0.0,587,True
PUTCALLRATIO,wavelet,GARCH,CNN,-84.60588871204561,0.0,587,True
PUTCALLRATIO,wavelet,GARCH,CNN_LSTM,-84.15593992318529,0.0,587,True
PUTCALLRATIO,wavelet,ANN,RNN,-8.209080569362454,0.0,587,True
PUTCALLRATIO,wavelet,ANN,LSTM,-17.672684488529026,0.0,587,True
PUTCALLRATIO,wavelet,ANN,GRU,-28.6668609123095,0.0,587,True
PUTCALLRATIO,wavelet,ANN,CNN,-2.346810843513311,0.018934965133666992,587,True
PUTCALLRATIO,wavelet,ANN,CNN_LSTM,7.249077080348072,0.0,587,True
PUTCALLRATIO,wavelet,RNN,LSTM,-8.998418101025171,0.0,587,True
PUTCALLRATIO,wavelet,RNN,GRU,-17.391020260861364,0.0,587,True
PUTCALLRATIO,wavelet,RNN,CNN,4.9186575100539365,9.5367431640625e-07,587,True
PUTCALLRATIO,wavelet,RNN,CNN_LSTM,14.072073689026146,0.0,587,True
PUTCALLRATIO,wavelet,LSTM,GRU,-15.270171574975619,0.0,587,True
PUTCALLRATIO,wavelet,LSTM,CNN,16.38604122391883,0.0,587,True
PUTCALLRATIO,wavelet,LSTM,CNN_LSTM,41.6738513262328,0.0,587,True
PUTCALLRATIO,wavelet,GRU,CNN,37.14316280808446,0.0,587,True
PUTCALLRATIO,wavelet,GRU,CNN_LSTM,36.6325991356908,0.0,587,True
PUTCALLRATIO,wavelet,CNN,CNN_LSTM,11.35147979034908,0.0,587,True
SKEW,hurst,ARIMA,GARCH,-21.061982598667147,0.0,599,True
SKEW,hurst,ARIMA,ANN,-52.1128399838875,0.0,597,True
SKEW,hurst,ARIMA,RNN,-51.88550255371771,0.0,597,True
SKEW,hurst,ARIMA,LSTM,-52.101239381946705,0.0,597,True
SKEW,hurst,ARIMA,GRU,-52.07172518999126,0.0,597,True
SKEW,hurst,ARIMA,CNN,-52.182065589064656,0.0,597,True
SKEW,hurst,ARIMA,CNN_LSTM,-52.13966622158766,0.0,597,True
SKEW,hurst,GARCH,ANN,-82.82491983134555,0.0,597,True
SKEW,hurst,GARCH,RNN,-82.65161859873767,0.0,597,True
SKEW,hurst,GARCH,LSTM,-82.5846049777797,0.0,597,True
SKEW,hurst,GARCH,GRU,-82.60095565484391,0.0,597,True
SKEW,hurst,GARCH,CNN,-82.9925817476902,0.0,597,True
SKEW,hurst,GARCH,CNN_LSTM,-82.85841441574152,0.0,597,True
SKEW,hurst,ANN,RNN,-15.75484355647686,0.0,597,True
SKEW,hurst,ANN,LSTM,0.3352600388030241,0.7374289035797119,597,False
SKEW,hurst,ANN,GRU,2.751444148165378,0.005933284759521484,597,True
SKEW,hurst,ANN,CNN,-9.557742910117788,0.0,597,True
SKEW,hurst,ANN,CNN_LSTM,7.412257484663769,0.0,597,True
SKEW,hurst,RNN,LSTM,14.235875996128376,0.0,597,True
SKEW,hurst,RNN,GRU,16.258228099190934,0.0,597,True
SKEW,hurst,RNN,CNN,13.066530859535492,0.0,597,True
SKEW,hurst,RNN,CNN_LSTM,16.82820580928459,0.0,597,True
SKEW,hurst,LSTM,GRU,4.768642899118102,1.9073486328125e-06,597,True
SKEW,hurst,LSTM,CNN,-5.278797189442529,2.384185791015625e-07,597,True
SKEW,hurst,LSTM,CNN_LSTM,4.949622701965403,7.152557373046875e-07,597,True
SKEW,hurst,GRU,CNN,-6.826879018622498,0.0,597,True
SKEW,hurst,GRU,CNN_LSTM,2.2264118090648606,0.025986671447753906,597,True
SKEW,hurst,CNN,CNN_LSTM,9.976769155562955,0.0,597,True
SKEW,none,ARIMA,GARCH,-18.603575912674465,0.0,619,True
SKEW,none,ARIMA,ANN,-44.6431595962457,0.0,617,True
SKEW,none,ARIMA,RNN,-44.481921858736975,0.0,617,True
SKEW,none,ARIMA,LSTM,-44.51923567702945,0.0,617,True
SKEW,none,ARIMA,GRU,-44.51664265594854,0.0,617,True
SKEW,none,ARIMA,CNN,-44.53182288303669,0.0,617,True
SKEW,none,ARIMA,CNN_LSTM,-44.57508945729538,0.0,617,True
SKEW,none,GARCH,ANN,-75.15404554170557,0.0,617,True
SKEW,none,GARCH,RNN,-74.74293340205402,0.0,617,True
SKEW,none,GARCH,LSTM,-74.7358040358608,0.0,617,True
SKEW,none,GARCH,GRU,-74.755457718305,0.0,617,True
SKEW,none,GARCH,CNN,-74.88321183561358,0.0,617,True
SKEW,none,GARCH,CNN_LSTM,-74.96464387736425,0.0,617,True
SKEW,none,ANN,RNN,-2.262969045253433,0.02363753318786621,617,True
SKEW,none,ANN,LSTM,-7.28231776885946,0.0,617,True
SKEW,none,ANN,GRU,-3.1897651202542097,0.0014240741729736328,617,True
SKEW,none,ANN,CNN,3.44485304358509,0.0005713701248168945,617,True
SKEW,none,ANN,CNN_LSTM,4.822729600266027,1.430511474609375e-06,617,True
SKEW,none,RNN,LSTM,-3.849611756875918,0.00011837482452392578,617,True
SKEW,none,RNN,GRU,-0.02362178940859377,0.9811543226242065,617,False
SKEW,none,RNN,CNN,5.211755845565119,2.384185791015625e-07,617,True
SKEW,none,RNN,CNN_LSTM,4.128421311320125,3.647804260253906e-05,617,True
SKEW,none,LSTM,GRU,6.679658230985932,0.0,617,True
SKEW,none,LSTM,CNN,7.917191250851415,0.0,617,True
SKEW,none,LSTM,CNN_LSTM,8.530849583498107,0.0,617,True
SKEW,none,GRU,CNN,5.697321173348309,0.0,617,True
SKEW,none,GRU,CNN_LSTM,5.561868016366937,0.0,617,True
SKEW,none,CNN,CNN_LSTM,-1.3172785167053673,0.1877453327178955,617,False
SKEW,wavelet,ARIMA,GARCH,-20.58745105862044,0.0,589,True
SKEW,wavelet,ARIMA,ANN,-53.07404800935558,0.0,587,True
SKEW,wavelet,ARIMA,RNN,-52.86986837508241,0.0,587,True
SKEW,wavelet,ARIMA,LSTM,-52.86313457719551,0.0,587,True
SKEW,wavelet,ARIMA,GRU,-52.879407630875555,0.0,587,True
SKEW,wavelet,ARIMA,CNN,-53.052589882893585,0.0,587,True
SKEW,wavelet,ARIMA,CNN_LSTM,-52.71373639757188,0.0,587,True
SKEW,wavelet,GARCH,ANN,-84.6894562969854,0.0,587,True
SKEW,wavelet,GARCH,RNN,-84.16433875813972,0.0,587,True
SKEW,wavelet,GARCH,LSTM,-84.09164924829174,0.0,587,True
SKEW,wavelet,GARCH,GRU,-84.20993556080522,0.0,587,True
SKEW,wavelet,GARCH,CNN,-84.75591500677447,0.0,587,True
SKEW,wavelet,GARCH,CNN_LSTM,-83.77746487764,0.0,587,True
SKEW,wavelet,ANN,RNN,-6.6430476359761474,0.0,587,True
SKEW,wavelet,ANN,LSTM,-0.7565617568602411,0.4493124485015869,587,False
SKEW,wavelet,ANN,GRU,-7.136923339581434,0.0,587,True
SKEW,wavelet,ANN,CNN,-7.7349622319304006,0.0,587,True
SKEW,wavelet,ANN,CNN_LSTM,-11.670869077113116,0.0,587,True
SKEW,wavelet,RNN,LSTM,6.684205748759715,0.0,587,True
SKEW,wavelet,RNN,GRU,-0.16683473720185257,0.8675000667572021,587,False
SKEW,wavelet,RNN,CNN,-3.5183315266933546,0.0004343986511230469,587,True
SKEW,wavelet,RNN,CNN_LSTM,-4.143071554385798,3.421306610107422e-05,587,True
SKEW,wavelet,LSTM,GRU,-18.082097265326116,0.0,587,True
SKEW,wavelet,LSTM,CNN,-8.537322909272458,0.0,587,True
SKEW,wavelet,LSTM,CNN_LSTM,-25.966032837624294,0.0,587,True
SKEW,wavelet,GRU,CNN,-4.696737686491248,2.6226043701171875e-06,587,True
SKEW,wavelet,GRU,CNN_LSTM,-6.342525034933425,0.0,587,True
SKEW,wavelet,CNN,CNN_LSTM,1.1835568513228658,0.236588716506958,587,False
SKEW+PUTCALLRATIO,hurst,ARIMA,GARCH,-21.061982598667147,0.0,599,True
SKEW+PUTCALLRATIO,hurst,ARIMA,ANN,-52.23437945838757,0.0,597,True
SKEW+PUTCALLRATIO,hurst,ARIMA,RNN,-52.095468029210025,0.0,597,True
SKEW+PUTCALLRATIO,hurst,ARIMA,LSTM,-52.01296654014343,0.0,597,True
SKEW+PUTCALLRATIO,hurst,ARIMA,GRU,-52.10403565069458,0.0,597,True
SKEW+PUTCALLRATIO,hurst,ARIMA,CNN,-52.064010268282345,0.0,597,True
SKEW+PUTCALLRATIO,hurst,ARIMA,CNN_LSTM,-52.199937776876595,0.0,597,True
SKEW+PUTCALLRATIO,hurst,GARCH,ANN,-82.95463045024812,0.0,597,True
SKEW+PUTCALLRATIO,hurst,GARCH,RNN,-82.6693600434688,0.0,597,True
SKEW+PUTCALLRATIO,hurst,GARCH,LSTM,-82.48111369372386,0.0,597,True
SKEW+PUTCALLRATIO,hurst,GARCH,GRU,-82.60655819512068,0.0,597,True
SKEW+PUTCALLRATIO,hurst,GARCH,CNN,-82.71260560629908,0.0,597,True
SKEW+PUTCALLRATIO,hurst,GARCH,CNN_LSTM,-83.07772235158193,0.0,597,True
SKEW+PUTCALLRATIO,hurst,ANN,RNN,6.545459949477136,0.0,597,True
SKEW+PUTCALLRATIO,hurst,ANN,LSTM,5.467168092218809,0.0,597,True
SKEW+PUTCALLRATIO,hurst,ANN,GRU,6.187205269312161,0.0,597,True
SKEW+PUTCALLRATIO,hurst,ANN,CNN,-3.7355564833779074,0.00018715858459472656,597,True
SKEW+PUTCALLRATIO,hurst,ANN,CNN_LSTM,7.960691936321467,0.0,597,True
SKEW+PUTCALLRATIO,hurst,RNN,LSTM,-0.2986274037122973,0.7652243375778198,597,False
SKEW+PUTCALLRATIO,hurst,RNN,GRU,-2.6245470923921426,0.008676409721374512,597,True
SKEW+PUTCALLRATIO,hurst,RNN,CNN,-6.817918370899661,0.0,597,True
SKEW+PUTCALLRATIO,hurst,RNN,CNN_LSTM,1.4138523153400266,0.15740525722503662,597,False
SKEW+PUTCALLRATIO,hurst,LSTM,GRU,-1.790265250763911,0.07341134548187256,597,False
SKEW+PUTCALLRATIO,hurst,LSTM,CNN,-6.6235462882172955,0.0,597,True
SKEW+PUTCALLRATIO,hurst,LSTM,CNN_LSTM,1.6015692741201777,0.10925090312957764,597,False
SKEW+PUTCALLRATIO,hurst,GRU,CNN,-5.8731034181278305,0.0,597,True
SKEW+PUTCALLRATIO,hurst,GRU,CNN_LSTM,2.9671202974395667,0.0030059814453125,597,True
SKEW+PUTCALLRATIO,hurst,CNN,CNN_LSTM,8.215036053050598,0.0,597,True
SKEW+PUTCALLRATIO,none,ARIMA,GARCH,-18.603575912674465,0.0,619,True
SKEW+PUTCALLRATIO,none,ARIMA,ANN,-44.50624646018915,0.0,617,True
SKEW+PUTCALLRATIO,none,ARIMA,RNN,-44.4039347575401,0.0,617,True
SKEW+PUTCALLRATIO,none,ARIMA,LSTM,-44.43894068422409,0.0,617,True
SKEW+PUTCALLRATIO,none,ARIMA,GRU,-44.44879943422148,0.0,617,True
SKEW+PUTCALLRATIO,none,ARIMA,CNN,-44.50366880562118,0.0,617,True
SKEW+PUTCALLRATIO,none,ARIMA,CNN_LSTM,-44.453394963645856,0.0,617,True
SKEW+PUTCALLRATIO,none,GARCH,ANN,-74.80614214185017,0.0,617,True
SKEW+PUTCALLRATIO,none,GARCH,RNN,-74.53942967005683,0.0,617,True
SKEW+PUTCALLRATIO,none,GARCH,LSTM,-74.54992068312376,0.0,617,True
SKEW+PUTCALLRATIO,none,GARCH,GRU,-74.54206059269163,0.0,617,True
SKEW+PUTCALLRATIO,none,GARCH,CNN,-74.87922458719088,0.0,617,True
SKEW+PUTCALLRATIO,none,GARCH,CNN_LSTM,-74.71835650491614,0.0,617,True
SKEW+PUTCALLRATIO,none,ANN,RNN,2.4044794249004475,0.01619541645050049,617,True
SKEW+PUTCALLRATIO,none,ANN,LSTM,3.1770706803598303,0.00148773193359375,617,True
SKEW+PUTCALLRATIO,none,ANN,GRU,1.2394050685266946,0.2151956558227539,617,False
SKEW+PUTCALLRATIO,none,ANN,CNN,-4.2462558946780895,2.1696090698242188e-05,617,True
SKEW+PUTCALLRATIO,none,ANN,CNN_LSTM,5.911657543165539,0.0,617,True
SKEW+PUTCALLRATIO,none,RNN,LSTM,0.8700773869500695,0.3842582702636719,617,False
SKEW+PUTCALLRATIO,none,RNN,GRU,-1.7950109478541563,0.07265186309814453,617,False
SKEW+PUTCALLRATIO,none,RNN,CNN,-4.078118880052364,4.5299530029296875e-05,617,True
SKEW+PUTCALLRATIO,none,RNN,CNN_LSTM,1.2016435256483382,0.2295016050338745,617,False
SKEW+PUTCALLRATIO,none,LSTM,GRU,-4.477027890812682,7.62939453125e-06,617,True
SKEW+PUTCALLRATIO,none,LSTM,CNN,-4.317718943753602,1.5735626220703125e-05,617,True
SKEW+PUTCALLRATIO,none,LSTM,CNN_LSTM,0.24945659781406346,0.8030076026916504,617,False
SKEW+PUTCALLRATIO,none,GRU,CNN,-3.18400020204371,0.0014526844024658203,617,True
SKEW+PUTCALLRATIO,none,GRU,CNN_LSTM,2.7739529598236983,0.005537986755371094,617,True
SKEW+PUTCALLRATIO,none,CNN,CNN_LSTM,6.094992767089939,0.0,617,True
SKEW+PUTCALLRATIO,wavelet,ARIMA,GARCH,-20.58745105862044,0.0,589,True
SKEW+PUTCALLRATIO,wavelet,ARIMA,ANN,-53.129545122473296,0.0,587,True
SKEW+PUTCALLRATIO,wavelet,ARIMA,RNN,-53.156887512616386,0.0,587,True
SKEW+PUTCALLRATIO,wavelet,ARIMA,LSTM,-52.964195260739416,0.0,587,True
SKEW+PUTCALLRATIO,wavelet,ARIMA,GRU,-52.862983085104766,0.0,587,True
SKEW+PUTCALLRATIO,wavelet,ARIMA,CNN,-52.74726792119951,0.0,587,True
SKEW+PUTCALLRATIO,wavelet,ARIMA,CNN_LSTM,-52.83890559314002,0.0,587,True
SKEW+PUTCALLRATIO,wavelet,GARCH,ANN,-84.67898808665886,0.0,587,True
SKEW+PUTCALLRATIO,wavelet,GARCH,RNN,-84.49354980580736,0.0,587,True
SKEW+PUTCALLRATIO,wavelet,GARCH,LSTM,-84.40284920303336,0.0,587,True
SKEW+PUTCALLRATIO,wavelet,GARCH,GRU,-84.17876825851167,0.0,587,True
SKEW+PUTCALLRATIO,wavelet,GARCH,CNN,-84.71476651659455,0.0,587,True
SKEW+PUTCALLRATIO,wavelet,GARCH,CNN_LSTM,-84.08915285906352,0.0,587,True
SKEW+PUTCALLRATIO,wavelet,ANN,RNN,5.32603944217634,1.1920928955078125e-07,587,True
SKEW+PUTCALLRATIO,wavelet,ANN,LSTM,-11.828392080342468,0.0,587,True
SKEW+PUTCALLRATIO,wavelet,ANN,GRU,-14.854112563024842,0.0,587,True
SKEW+PUTCALLRATIO,wavelet,ANN,CNN,-36.28057911877709,0.0,587,True
SKEW+PUTCALLRATIO,wavelet,ANN,CNN_LSTM,-8.952435334645163,0.0,587,True
SKEW+PUTCALLRATIO,wavelet,RNN,LSTM,-12.745208626434897,0.0,587,True
SKEW+PUTCALLRATIO,wavelet,RNN,GRU,-15.64465650667863,0.0,587,True
SKEW+PUTCALLRATIO,wavelet,RNN,CNN,-34.96759814415151,0.0,587,True
SKEW+PUTCALLRATIO,wavelet,RNN,CNN_LSTM,-12.346013335436552,0.0,587,True
SKEW+PUTCALLRATIO,wavelet,LSTM,GRU,-3.7202587962023967,0.0001990795135498047,587,True
SKEW+PUTCALLRATIO,wavelet,LSTM,CNN,-38.829309035448375,0.0,587,True
SKEW+PUTCALLRATIO,wavelet,LSTM,CNN_LSTM,-0.22857642641818582,0.8191981315612793,587,False
SKEW+PUTCALLRATIO,wavelet,GRU,CNN,-35.213699132812955,0.0,587,True
SKEW+PUTCALLRATIO,wavelet,GRU,CNN_LSTM,4.744865891012899,2.1457672119140625e-06,587,True
SKEW+PUTCALLRATIO,wavelet,CNN,CNN_LSTM,34.943418586138094,0.0,587,True
